/*
-- Query: select `entry`,`difficulty_entry_1`,`difficulty_entry_2`,`difficulty_entry_3`,`KillCredit1`,`KillCredit2`,`modelid1`,`modelid2`,`modelid3`,`modelid4`,`name`,`subname`,`IconName`,`gossip_menu_id`,`minlevel`,`maxlevel`,`exp`,`faction_A`,`faction_H`,`npcflag`,`speed_walk`,`speed_run`,`scale`,`rank`,`mindmg`,`maxdmg`,`dmgschool`,`attackpower`,`dmg_multiplier`,`baseattacktime`,`rangeattacktime`,`unit_class`,`unit_flags`,`dynamicflags`,`family`,`trainer_type`,`trainer_class`,`trainer_race`,`minrangedmg`,`maxrangedmg`,`rangedattackpower`,`type`,`type_flags`,`lootid`,`pickpocketloot`,`skinloot`,`resistance1`,`resistance2`,`resistance3`,`resistance4`,`resistance5`,`resistance6`,`spell1`,`spell2`,`spell3`,`spell4`,`spell5`,`spell6`,`spell7`,`spell8`,`PetSpellDataId`,`VehicleId`,`mingold`,`maxgold`,`AIName`,`MovementType`,`InhabitType`,`Health_mod`,`Mana_mod`,`Armor_mod`,`RacialLeader`,`questItem1`,`questItem2`,`questItem3`,`questItem4`,`questItem5`,`questItem6`,`movementId`,`RegenHealth`,`mechanic_immune_mask`,`flags_extra`,`ScriptName`,`WDBVerified` from 406_world.creature_template where entry in (50062,23035)
LIMIT 0, 1000

-- Date: 2013-05-24 08:01
*/
DELETE FROM creature_template where entry in (50062,23035);
INSERT INTO `creature_template` (`entry`,`difficulty_entry_1`,`difficulty_entry_2`,`difficulty_entry_3`,`KillCredit1`,`KillCredit2`,`modelid1`,`modelid2`,`modelid3`,`modelid4`,`name`,`subname`,`IconName`,`gossip_menu_id`,`minlevel`,`maxlevel`,`exp`,`faction_A`,`faction_H`,`npcflag`,`speed_walk`,`speed_run`,`scale`,`rank`,`mindmg`,`maxdmg`,`dmgschool`,`attackpower`,`dmg_multiplier`,`baseattacktime`,`rangeattacktime`,`unit_class`,`unit_flags`,`dynamicflags`,`family`,`trainer_type`,`trainer_class`,`trainer_race`,`minrangedmg`,`maxrangedmg`,`rangedattackpower`,`type`,`type_flags`,`lootid`,`pickpocketloot`,`skinloot`,`resistance1`,`resistance2`,`resistance3`,`resistance4`,`resistance5`,`resistance6`,`spell1`,`spell2`,`spell3`,`spell4`,`spell5`,`spell6`,`spell7`,`spell8`,`PetSpellDataId`,`VehicleId`,`mingold`,`maxgold`,`AIName`,`MovementType`,`InhabitType`,`Health_mod`,`Mana_mod`,`Armor_mod`,`RacialLeader`,`questItem1`,`questItem2`,`questItem3`,`questItem4`,`questItem5`,`questItem6`,`movementId`,`RegenHealth`,`mechanic_immune_mask`,`flags_extra`,`ScriptName`,`WDBVerified`) VALUES (23035,0,0,0,0,0,21492,0,0,0,'Anzu','',NULL,0,72,72,1,168,168,0,1.48,1.14286,2,1,364.8,523.2,0,355,7.5,1400,1900,2,0,8,0,0,0,0,321.6,478.8,60,10,64,23035,0,0,0,0,0,0,0,0,0,0,0,0,0,0,0,0,0,0,0,0,'EventAI',1,1,40,10,1,0,0,0,0,0,0,0,0,1,617299803,1,'',12340);
INSERT INTO `creature_template` (`entry`,`difficulty_entry_1`,`difficulty_entry_2`,`difficulty_entry_3`,`KillCredit1`,`KillCredit2`,`modelid1`,`modelid2`,`modelid3`,`modelid4`,`name`,`subname`,`IconName`,`gossip_menu_id`,`minlevel`,`maxlevel`,`exp`,`faction_A`,`faction_H`,`npcflag`,`speed_walk`,`speed_run`,`scale`,`rank`,`mindmg`,`maxdmg`,`dmgschool`,`attackpower`,`dmg_multiplier`,`baseattacktime`,`rangeattacktime`,`unit_class`,`unit_flags`,`dynamicflags`,`family`,`trainer_type`,`trainer_class`,`trainer_race`,`minrangedmg`,`maxrangedmg`,`rangedattackpower`,`type`,`type_flags`,`lootid`,`pickpocketloot`,`skinloot`,`resistance1`,`resistance2`,`resistance3`,`resistance4`,`resistance5`,`resistance6`,`spell1`,`spell2`,`spell3`,`spell4`,`spell5`,`spell6`,`spell7`,`spell8`,`PetSpellDataId`,`VehicleId`,`mingold`,`maxgold`,`AIName`,`MovementType`,`InhabitType`,`Health_mod`,`Mana_mod`,`Armor_mod`,`RacialLeader`,`questItem1`,`questItem2`,`questItem3`,`questItem4`,`questItem5`,`questItem6`,`movementId`,`RegenHealth`,`mechanic_immune_mask`,`flags_extra`,`ScriptName`,`WDBVerified`) VALUES (50062,0,0,0,0,0,37149,0,0,0,'Aeonaxx','Mate of Aeosera','',0,85,85,3,14,14,0,1,1.14286,1,2,1007,1354.7,0,1571,7.5,400,0,1,0,0,0,0,0,0,758.1,1062.1,220,2,72,50062,0,0,0,0,0,0,0,0,0,0,0,0,0,0,0,0,0,0,0,0,'',0,3,10,1,1,0,0,0,0,0,0,0,129,1,0,0,'',1);

DELETE FROM creature_loot_template where entry in (50062,23035);
INSERT INTO `creature_loot_template` (`entry`,`item`,`ChanceOrQuestChance`,`lootmode`,`groupid`,`mincountOrRef`,`maxcount`) VALUES (23035,28558,100,1,0,1,2);
INSERT INTO `creature_loot_template` (`entry`,`item`,`ChanceOrQuestChance`,`lootmode`,`groupid`,`mincountOrRef`,`maxcount`) VALUES (23035,29434,100,1,0,1,1);
INSERT INTO `creature_loot_template` (`entry`,`item`,`ChanceOrQuestChance`,`lootmode`,`groupid`,`mincountOrRef`,`maxcount`) VALUES (23035,32768,2,1,1,1,1);
INSERT INTO `creature_loot_template` (`entry`,`item`,`ChanceOrQuestChance`,`lootmode`,`groupid`,`mincountOrRef`,`maxcount`) VALUES (23035,32769,0,1,2,1,1);
INSERT INTO `creature_loot_template` (`entry`,`item`,`ChanceOrQuestChance`,`lootmode`,`groupid`,`mincountOrRef`,`maxcount`) VALUES (23035,32778,0,1,2,1,1);
INSERT INTO `creature_loot_template` (`entry`,`item`,`ChanceOrQuestChance`,`lootmode`,`groupid`,`mincountOrRef`,`maxcount`) VALUES (23035,32779,0,1,2,1,1);
INSERT INTO `creature_loot_template` (`entry`,`item`,`ChanceOrQuestChance`,`lootmode`,`groupid`,`mincountOrRef`,`maxcount`) VALUES (23035,32780,0,1,2,1,1);
INSERT INTO `creature_loot_template` (`entry`,`item`,`ChanceOrQuestChance`,`lootmode`,`groupid`,`mincountOrRef`,`maxcount`) VALUES (23035,32781,0,1,2,1,1);
INSERT INTO `creature_loot_template` (`entry`,`item`,`ChanceOrQuestChance`,`lootmode`,`groupid`,`mincountOrRef`,`maxcount`) VALUES (50062,63042,100,1,0,1,1);

DELETE FROM creature where id = 23035;
INSERT INTO `creature` (`guid`,`id`,`map`,`spawnMask`,`phaseMask`,`modelid`,`equipment_id`,`position_x`,`position_y`,`position_z`,`orientation`,`spawntimesecs`,`spawndist`,`currentwaypoint`,`curhealth`,`curmana`,`MovementType`,`npcflag`,`unit_flags`,`dynamicflags`) VALUES (13641750,23035,556,2,1,0,0,-106.302,286.73,26.5177,3.16436,300,0,0,236120,33090,0,0,0,0);

DELETE FROM creature where id = 50062;
INSERT INTO `creature` (`id`,`map`,`spawnMask`,`phaseMask`,`modelid`,`equipment_id`,`position_x`,`position_y`,`position_z`,`orientation`,`spawntimesecs`,`spawndist`,`currentwaypoint`,`curhealth`,`curmana`,`MovementType`,`npcflag`,`unit_flags`,`dynamicflags`) VALUES (50062,646,1,1,0,0,354.092,474.919,176.999,2.23897,2400,0,0,774900,0,0,0,0,0);
INSERT INTO `creature` (`id`,`map`,`spawnMask`,`phaseMask`,`modelid`,`equipment_id`,`position_x`,`position_y`,`position_z`,`orientation`,`spawntimesecs`,`spawndist`,`currentwaypoint`,`curhealth`,`curmana`,`MovementType`,`npcflag`,`unit_flags`,`dynamicflags`) VALUES (50062,646,1,1,0,0,285.007,739.05,260.502,1.77952,2400,0,0,774900,0,0,0,0,0);
INSERT INTO `creature` (`id`,`map`,`spawnMask`,`phaseMask`,`modelid`,`equipment_id`,`position_x`,`position_y`,`position_z`,`orientation`,`spawntimesecs`,`spawndist`,`currentwaypoint`,`curhealth`,`curmana`,`MovementType`,`npcflag`,`unit_flags`,`dynamicflags`) VALUES (50062,646,1,1,0,0,522.346,552.552,238.576,2.77305,2400,0,0,774900,0,0,0,0,0);
INSERT INTO `creature` (`id`,`map`,`spawnMask`,`phaseMask`,`modelid`,`equipment_id`,`position_x`,`position_y`,`position_z`,`orientation`,`spawntimesecs`,`spawndist`,`currentwaypoint`,`curhealth`,`curmana`,`MovementType`,`npcflag`,`unit_flags`,`dynamicflags`) VALUES (50062,646,1,1,0,0,718.974,390.648,309.853,6.14633,2400,0,0,774900,0,0,0,0,0);
INSERT INTO `creature` (`id`,`map`,`spawnMask`,`phaseMask`,`modelid`,`equipment_id`,`position_x`,`position_y`,`position_z`,`orientation`,`spawntimesecs`,`spawndist`,`currentwaypoint`,`curhealth`,`curmana`,`MovementType`,`npcflag`,`unit_flags`,`dynamicflags`) VALUES (50062,646,1,1,0,0,941.6,671.056,132.985,1.61065,2400,0,0,774900,0,0,0,0,0);
INSERT INTO `creature` (`id`,`map`,`spawnMask`,`phaseMask`,`modelid`,`equipment_id`,`position_x`,`position_y`,`position_z`,`orientation`,`spawntimesecs`,`spawndist`,`currentwaypoint`,`curhealth`,`curmana`,`MovementType`,`npcflag`,`unit_flags`,`dynamicflags`) VALUES (50062,646,1,1,0,0,1638,904.464,338.772,5.49446,2400,0,0,774900,0,0,0,0,0);
INSERT INTO `creature` (`id`,`map`,`spawnMask`,`phaseMask`,`modelid`,`equipment_id`,`position_x`,`position_y`,`position_z`,`orientation`,`spawntimesecs`,`spawndist`,`currentwaypoint`,`curhealth`,`curmana`,`MovementType`,`npcflag`,`unit_flags`,`dynamicflags`) VALUES (50062,646,1,1,0,0,1803.03,667.469,313.092,4.13573,2400,0,0,774900,0,0,0,0,0);
INSERT INTO `creature` (`id`,`map`,`spawnMask`,`phaseMask`,`modelid`,`equipment_id`,`position_x`,`position_y`,`position_z`,`orientation`,`spawntimesecs`,`spawndist`,`currentwaypoint`,`curhealth`,`curmana`,`MovementType`,`npcflag`,`unit_flags`,`dynamicflags`) VALUES (50062,646,1,1,0,0,1389.43,183.32,244.161,2.97334,2400,0,0,774900,0,0,0,0,0);
INSERT INTO `creature` (`id`,`map`,`spawnMask`,`phaseMask`,`modelid`,`equipment_id`,`position_x`,`position_y`,`position_z`,`orientation`,`spawntimesecs`,`spawndist`,`currentwaypoint`,`curhealth`,`curmana`,`MovementType`,`npcflag`,`unit_flags`,`dynamicflags`) VALUES (50062,646,1,1,0,0,959.305,247.589,304.674,3.05581,2400,0,0,774900,0,0,0,0,0);
INSERT INTO `creature` (`id`,`map`,`spawnMask`,`phaseMask`,`modelid`,`equipment_id`,`position_x`,`position_y`,`position_z`,`orientation`,`spawntimesecs`,`spawndist`,`currentwaypoint`,`curhealth`,`curmana`,`MovementType`,`npcflag`,`unit_flags`,`dynamicflags`) VALUES (50062,646,1,1,0,0,650.722,-65.9394,317.677,4.37292,2400,0,0,774900,0,0,0,0,0);
INSERT INTO `creature` (`id`,`map`,`spawnMask`,`phaseMask`,`modelid`,`equipment_id`,`position_x`,`position_y`,`position_z`,`orientation`,`spawntimesecs`,`spawndist`,`currentwaypoint`,`curhealth`,`curmana`,`MovementType`,`npcflag`,`unit_flags`,`dynamicflags`) VALUES (50062,646,1,1,0,0,1354.38,1665.82,335.057,6.19817,2400,0,0,774900,0,0,0,0,0);
INSERT INTO `creature` (`id`,`map`,`spawnMask`,`phaseMask`,`modelid`,`equipment_id`,`position_x`,`position_y`,`position_z`,`orientation`,`spawntimesecs`,`spawndist`,`currentwaypoint`,`curhealth`,`curmana`,`MovementType`,`npcflag`,`unit_flags`,`dynamicflags`) VALUES (50062,646,1,1,0,0,970.793,656.082,646.89,5.99788,2400,0,0,774900,0,0,0,0,0);
INSERT INTO `creature` (`id`,`map`,`spawnMask`,`phaseMask`,`modelid`,`equipment_id`,`position_x`,`position_y`,`position_z`,`orientation`,`spawntimesecs`,`spawndist`,`currentwaypoint`,`curhealth`,`curmana`,`MovementType`,`npcflag`,`unit_flags`,`dynamicflags`) VALUES (50062,646,1,1,0,0,1134.82,810.561,539.256,5.22034,2400,0,0,774900,0,0,0,0,0);
