/*
********* MAP DUMPER V 1.0 by SCEICCO *********
Mappa: 669
Lista creatures: 42800,42166,46083,42802,42768,41570,42764,42180,41378,42649,42767,42179,41379,43126,42949,49740,44418,44202,41377,42186,42178,432960,49974,51101,49056,49053,49047,49050,120000,49491,49492,49500,49501,49502,49508,47774,49515
Lista gameobject: 402368,203306,207207,204929,402092,207834,20371
*/


delete from creature_template where entry in (42800,42166,46083,42802,42768,41570,42764,42180,41378,42649,42767,42179,41379,43126,42949,49740,44418,44202,41377,42186,42178,432960,49974,51101,49056,49053,49047,49050,120000,49491,49492,49500,49501,49502,49508,47774,49515);
delete from creature where map in (669);
delete from gameobject where map in (669);
delete from gameobject_template where entry in (402368,203306,207207,204929,402092,207834,20371);


/* -----------------------CREATURE------------------------------------*/

insert into creature (`id`,`map`,`spawnMask`,`phaseMask`,`modelid`,`equipment_id`,`position_x`,`position_y`,`position_z`,`orientation`,`spawntimesecs`, `spawndist`,`currentwaypoint`,`curhealth`,`curmana`,`MovementType`,`npcflag`,`unit_flags`,`dynamicflags`) values ('42800','669','15','1','0','0','-338.987','-323.941','213.874','1.63722','864000','0','0','3150','0','0','0','0','0');
insert into creature (`id`,`map`,`spawnMask`,`phaseMask`,`modelid`,`equipment_id`,`position_x`,`position_y`,`position_z`,`orientation`,`spawntimesecs`, `spawndist`,`currentwaypoint`,`curhealth`,`curmana`,`MovementType`,`npcflag`,`unit_flags`,`dynamicflags`) values ('42166','669','15','1','0','0','-316.568','-410.917','214.043','1.65822','864000','0','0','25767600','0','0','0','0','0');
insert into creature (`id`,`map`,`spawnMask`,`phaseMask`,`modelid`,`equipment_id`,`position_x`,`position_y`,`position_z`,`orientation`,`spawntimesecs`, `spawndist`,`currentwaypoint`,`curhealth`,`curmana`,`MovementType`,`npcflag`,`unit_flags`,`dynamicflags`) values ('46083','669','15','1','0','0','-50.1175','-158.546','63.6632','5.61206','864000','0','0','2100','0','2','0','0','0');
insert into creature (`id`,`map`,`spawnMask`,`phaseMask`,`modelid`,`equipment_id`,`position_x`,`position_y`,`position_z`,`orientation`,`spawntimesecs`, `spawndist`,`currentwaypoint`,`curhealth`,`curmana`,`MovementType`,`npcflag`,`unit_flags`,`dynamicflags`) values ('46083','669','15','1','0','0','-44.7883','-149.538','63.5078','5.51388','864000','0','0','2100','0','2','0','0','0');
insert into creature (`id`,`map`,`spawnMask`,`phaseMask`,`modelid`,`equipment_id`,`position_x`,`position_y`,`position_z`,`orientation`,`spawntimesecs`, `spawndist`,`currentwaypoint`,`curhealth`,`curmana`,`MovementType`,`npcflag`,`unit_flags`,`dynamicflags`) values ('42802','669','15','1','0','0','-42.3404','-157.039','63.5666','5.21151','864000','0','0','3150','0','2','0','0','0');
insert into creature (`id`,`map`,`spawnMask`,`phaseMask`,`modelid`,`equipment_id`,`position_x`,`position_y`,`position_z`,`orientation`,`spawntimesecs`, `spawndist`,`currentwaypoint`,`curhealth`,`curmana`,`MovementType`,`npcflag`,`unit_flags`,`dynamicflags`) values ('42802','669','15','1','0','0','-38.6467','-286.301','63.5856','1.02141','864000','0','0','3150','0','2','0','0','0');
insert into creature (`id`,`map`,`spawnMask`,`phaseMask`,`modelid`,`equipment_id`,`position_x`,`position_y`,`position_z`,`orientation`,`spawntimesecs`, `spawndist`,`currentwaypoint`,`curhealth`,`curmana`,`MovementType`,`npcflag`,`unit_flags`,`dynamicflags`) values ('42768','669','15','1','0','0','-112.574','-315.349','66.6557','2.95742','864000','0','0','3150','0','0','0','0','0');
insert into creature (`id`,`map`,`spawnMask`,`phaseMask`,`modelid`,`equipment_id`,`position_x`,`position_y`,`position_z`,`orientation`,`spawntimesecs`, `spawndist`,`currentwaypoint`,`curhealth`,`curmana`,`MovementType`,`npcflag`,`unit_flags`,`dynamicflags`) values ('41570','669','15','1','0','0','-302.127','-42.25','211.535','4.36019','864000','0','0','101353000','0','0','0','0','0');
insert into creature (`id`,`map`,`spawnMask`,`phaseMask`,`modelid`,`equipment_id`,`position_x`,`position_y`,`position_z`,`orientation`,`spawntimesecs`, `spawndist`,`currentwaypoint`,`curhealth`,`curmana`,`MovementType`,`npcflag`,`unit_flags`,`dynamicflags`) values ('42764','669','15','1','0','0','-103.521','-132.984','66.6633','3.26765','864000','0','0','3150','0','0','0','0','0');
insert into creature (`id`,`map`,`spawnMask`,`phaseMask`,`modelid`,`equipment_id`,`position_x`,`position_y`,`position_z`,`orientation`,`spawntimesecs`, `spawndist`,`currentwaypoint`,`curhealth`,`curmana`,`MovementType`,`npcflag`,`unit_flags`,`dynamicflags`) values ('42180','669','15','1','0','0','-333.731','-400.515','214.008','6.25277','864000','0','0','25767600','0','2','0','0','0');
insert into creature (`id`,`map`,`spawnMask`,`phaseMask`,`modelid`,`equipment_id`,`position_x`,`position_y`,`position_z`,`orientation`,`spawntimesecs`, `spawndist`,`currentwaypoint`,`curhealth`,`curmana`,`MovementType`,`npcflag`,`unit_flags`,`dynamicflags`) values ('41378','669','15','1','0','0','-106.063','-464.796','73.4545','1.53706','864000','0','0','86579136','0','0','0','0','0');
insert into creature (`id`,`map`,`spawnMask`,`phaseMask`,`modelid`,`equipment_id`,`position_x`,`position_y`,`position_z`,`orientation`,`spawntimesecs`, `spawndist`,`currentwaypoint`,`curhealth`,`curmana`,`MovementType`,`npcflag`,`unit_flags`,`dynamicflags`) values ('42649','669','15','1','0','0','-324.945','-85.3574','213.709','0.00200844','864000','0','0','4649400','0','2','0','0','0');
insert into creature (`id`,`map`,`spawnMask`,`phaseMask`,`modelid`,`equipment_id`,`position_x`,`position_y`,`position_z`,`orientation`,`spawntimesecs`, `spawndist`,`currentwaypoint`,`curhealth`,`curmana`,`MovementType`,`npcflag`,`unit_flags`,`dynamicflags`) values ('42767','669','15','1','0','0','-12.5496','-222.021','63.3543','3.12235','864000','0','0','2940','0','0','0','0','0');
insert into creature (`id`,`map`,`spawnMask`,`phaseMask`,`modelid`,`equipment_id`,`position_x`,`position_y`,`position_z`,`orientation`,`spawntimesecs`, `spawndist`,`currentwaypoint`,`curhealth`,`curmana`,`MovementType`,`npcflag`,`unit_flags`,`dynamicflags`) values ('42800','669','15','1','0','0','-310.082','-322.548','213.874','1.4605','864000','0','0','3150','0','0','0','0','0');
insert into creature (`id`,`map`,`spawnMask`,`phaseMask`,`modelid`,`equipment_id`,`position_x`,`position_y`,`position_z`,`orientation`,`spawntimesecs`, `spawndist`,`currentwaypoint`,`curhealth`,`curmana`,`MovementType`,`npcflag`,`unit_flags`,`dynamicflags`) values ('42179','669','15','1','0','0','-341.526','-405.203','213.975','1.13984','864000','0','0','25767600','0','0','0','0','0');
insert into creature (`id`,`map`,`spawnMask`,`phaseMask`,`modelid`,`equipment_id`,`position_x`,`position_y`,`position_z`,`orientation`,`spawntimesecs`, `spawndist`,`currentwaypoint`,`curhealth`,`curmana`,`MovementType`,`npcflag`,`unit_flags`,`dynamicflags`) values ('46083','669','15','1','0','0','-47.5178','-286.624','63.6781','0.801511','864000','0','0','2100','0','2','0','0','0');
insert into creature (`id`,`map`,`spawnMask`,`phaseMask`,`modelid`,`equipment_id`,`position_x`,`position_y`,`position_z`,`orientation`,`spawntimesecs`, `spawndist`,`currentwaypoint`,`curhealth`,`curmana`,`MovementType`,`npcflag`,`unit_flags`,`dynamicflags`) values ('46083','669','15','1','0','0','-39.5791','-295.205','63.5052','0.840784','864000','0','0','2100','0','2','0','0','0');
insert into creature (`id`,`map`,`spawnMask`,`phaseMask`,`modelid`,`equipment_id`,`position_x`,`position_y`,`position_z`,`orientation`,`spawntimesecs`, `spawndist`,`currentwaypoint`,`curhealth`,`curmana`,`MovementType`,`npcflag`,`unit_flags`,`dynamicflags`) values ('41379','669','15','1','0','0','-166.36','-224.639','40.3994','6.28309','864000','0','0','4830','0','0','0','0','0');
insert into creature (`id`,`map`,`spawnMask`,`phaseMask`,`modelid`,`equipment_id`,`position_x`,`position_y`,`position_z`,`orientation`,`spawntimesecs`, `spawndist`,`currentwaypoint`,`curhealth`,`curmana`,`MovementType`,`npcflag`,`unit_flags`,`dynamicflags`) values ('43126','669','15','1','0','0','109.541','-188.536','74.908','5.44171','864000','0','0','1260','0','0','0','0','0');
insert into creature (`id`,`map`,`spawnMask`,`phaseMask`,`modelid`,`equipment_id`,`position_x`,`position_y`,`position_z`,`orientation`,`spawntimesecs`, `spawndist`,`currentwaypoint`,`curhealth`,`curmana`,`MovementType`,`npcflag`,`unit_flags`,`dynamicflags`) values ('43126','669','15','1','0','0','129.934','-179.486','74.908','4.78134','864000','0','0','1260','0','0','0','0','0');
insert into creature (`id`,`map`,`spawnMask`,`phaseMask`,`modelid`,`equipment_id`,`position_x`,`position_y`,`position_z`,`orientation`,`spawntimesecs`, `spawndist`,`currentwaypoint`,`curhealth`,`curmana`,`MovementType`,`npcflag`,`unit_flags`,`dynamicflags`) values ('43126','669','15','1','0','0','144.96','-184.16','74.9073','4.22371','864000','0','0','1260','0','0','0','0','0');
insert into creature (`id`,`map`,`spawnMask`,`phaseMask`,`modelid`,`equipment_id`,`position_x`,`position_y`,`position_z`,`orientation`,`spawntimesecs`, `spawndist`,`currentwaypoint`,`curhealth`,`curmana`,`MovementType`,`npcflag`,`unit_flags`,`dynamicflags`) values ('43126','669','15','1','0','0','160.591','-195.624','74.9073','4.17266','864000','0','0','1260','0','0','0','0','0');
insert into creature (`id`,`map`,`spawnMask`,`phaseMask`,`modelid`,`equipment_id`,`position_x`,`position_y`,`position_z`,`orientation`,`spawntimesecs`, `spawndist`,`currentwaypoint`,`curhealth`,`curmana`,`MovementType`,`npcflag`,`unit_flags`,`dynamicflags`) values ('43126','669','15','1','0','0','161.861','-254.16','74.9106','2.69219','864000','0','0','1260','0','0','0','0','0');
insert into creature (`id`,`map`,`spawnMask`,`phaseMask`,`modelid`,`equipment_id`,`position_x`,`position_y`,`position_z`,`orientation`,`spawntimesecs`, `spawndist`,`currentwaypoint`,`curhealth`,`curmana`,`MovementType`,`npcflag`,`unit_flags`,`dynamicflags`) values ('43126','669','15','1','0','0','147.964','-266.471','75.3386','2.04423','864000','0','0','1260','0','0','0','0','0');
insert into creature (`id`,`map`,`spawnMask`,`phaseMask`,`modelid`,`equipment_id`,`position_x`,`position_y`,`position_z`,`orientation`,`spawntimesecs`, `spawndist`,`currentwaypoint`,`curhealth`,`curmana`,`MovementType`,`npcflag`,`unit_flags`,`dynamicflags`) values ('43126','669','15','1','0','0','130.963','-269.818','74.9073','0.767958','864000','0','0','1260','0','0','0','0','0');
insert into creature (`id`,`map`,`spawnMask`,`phaseMask`,`modelid`,`equipment_id`,`position_x`,`position_y`,`position_z`,`orientation`,`spawntimesecs`, `spawndist`,`currentwaypoint`,`curhealth`,`curmana`,`MovementType`,`npcflag`,`unit_flags`,`dynamicflags`) values ('42949','669','15','1','0','0','130.533','-281.418','76.646','1.44262','864000','0','0','2100','0','0','0','0','0');
insert into creature (`id`,`map`,`spawnMask`,`phaseMask`,`modelid`,`equipment_id`,`position_x`,`position_y`,`position_z`,`orientation`,`spawntimesecs`, `spawndist`,`currentwaypoint`,`curhealth`,`curmana`,`MovementType`,`npcflag`,`unit_flags`,`dynamicflags`) values ('42949','669','15','1','0','0','154.323','-276.993','76.6461','2.14948','864000','0','0','2100','0','0','0','0','0');
insert into creature (`id`,`map`,`spawnMask`,`phaseMask`,`modelid`,`equipment_id`,`position_x`,`position_y`,`position_z`,`orientation`,`spawntimesecs`, `spawndist`,`currentwaypoint`,`curhealth`,`curmana`,`MovementType`,`npcflag`,`unit_flags`,`dynamicflags`) values ('42949','669','15','1','0','0','170.585','-263.161','76.6461','2.36154','864000','0','0','2100','0','0','0','0','0');
insert into creature (`id`,`map`,`spawnMask`,`phaseMask`,`modelid`,`equipment_id`,`position_x`,`position_y`,`position_z`,`orientation`,`spawntimesecs`, `spawndist`,`currentwaypoint`,`curhealth`,`curmana`,`MovementType`,`npcflag`,`unit_flags`,`dynamicflags`) values ('42949','669','15','1','0','0','107.636','-275.936','76.6461','1.12453','864000','0','0','2100','0','0','0','0','0');
insert into creature (`id`,`map`,`spawnMask`,`phaseMask`,`modelid`,`equipment_id`,`position_x`,`position_y`,`position_z`,`orientation`,`spawntimesecs`, `spawndist`,`currentwaypoint`,`curhealth`,`curmana`,`MovementType`,`npcflag`,`unit_flags`,`dynamicflags`) values ('42949','669','15','1','0','0','105.831','-171.721','76.6461','5.15756','864000','0','0','2100','0','0','0','0','0');
insert into creature (`id`,`map`,`spawnMask`,`phaseMask`,`modelid`,`equipment_id`,`position_x`,`position_y`,`position_z`,`orientation`,`spawntimesecs`, `spawndist`,`currentwaypoint`,`curhealth`,`curmana`,`MovementType`,`npcflag`,`unit_flags`,`dynamicflags`) values ('42949','669','15','1','0','0','130.256','-167.807','76.6461','4.64313','864000','0','0','2100','0','0','0','0','0');
insert into creature (`id`,`map`,`spawnMask`,`phaseMask`,`modelid`,`equipment_id`,`position_x`,`position_y`,`position_z`,`orientation`,`spawntimesecs`, `spawndist`,`currentwaypoint`,`curhealth`,`curmana`,`MovementType`,`npcflag`,`unit_flags`,`dynamicflags`) values ('42949','669','15','1','0','0','150.288','-173.86','76.6461','4.45071','864000','0','0','2100','0','0','0','0','0');
insert into creature (`id`,`map`,`spawnMask`,`phaseMask`,`modelid`,`equipment_id`,`position_x`,`position_y`,`position_z`,`orientation`,`spawntimesecs`, `spawndist`,`currentwaypoint`,`curhealth`,`curmana`,`MovementType`,`npcflag`,`unit_flags`,`dynamicflags`) values ('42949','669','15','1','0','0','168.479','-186.382','76.6461','3.86559','864000','0','0','2100','0','0','0','0','0');
insert into creature (`id`,`map`,`spawnMask`,`phaseMask`,`modelid`,`equipment_id`,`position_x`,`position_y`,`position_z`,`orientation`,`spawntimesecs`, `spawndist`,`currentwaypoint`,`curhealth`,`curmana`,`MovementType`,`npcflag`,`unit_flags`,`dynamicflags`) values ('49740','669','12','1','0','0','131.319','-210.214','75.4534','3.33973','864000','0','0','183246','0','0','0','0','0');
insert into creature (`id`,`map`,`spawnMask`,`phaseMask`,`modelid`,`equipment_id`,`position_x`,`position_y`,`position_z`,`orientation`,`spawntimesecs`, `spawndist`,`currentwaypoint`,`curhealth`,`curmana`,`MovementType`,`npcflag`,`unit_flags`,`dynamicflags`) values ('49740','669','12','1','0','0','140.708','-217.866','74.9073','3.33907','864000','0','0','183246','0','0','0','0','0');
insert into creature (`id`,`map`,`spawnMask`,`phaseMask`,`modelid`,`equipment_id`,`position_x`,`position_y`,`position_z`,`orientation`,`spawntimesecs`, `spawndist`,`currentwaypoint`,`curhealth`,`curmana`,`MovementType`,`npcflag`,`unit_flags`,`dynamicflags`) values ('49740','669','12','1','0','0','131.757','-244.041','75.4534','2.68196','864000','0','0','183246','0','0','0','0','0');
insert into creature (`id`,`map`,`spawnMask`,`phaseMask`,`modelid`,`equipment_id`,`position_x`,`position_y`,`position_z`,`orientation`,`spawntimesecs`, `spawndist`,`currentwaypoint`,`curhealth`,`curmana`,`MovementType`,`npcflag`,`unit_flags`,`dynamicflags`) values ('49740','669','12','1','0','0','145.616','-231.425','74.918','3.01047','864000','0','0','183246','0','0','0','0','0');
insert into creature (`id`,`map`,`spawnMask`,`phaseMask`,`modelid`,`equipment_id`,`position_x`,`position_y`,`position_z`,`orientation`,`spawntimesecs`, `spawndist`,`currentwaypoint`,`curhealth`,`curmana`,`MovementType`,`npcflag`,`unit_flags`,`dynamicflags`) values ('44418','669','15','1','0','0','-110.376','37.4967','72.0576','4.31101','864000','0','0','77490','0','0','0','0','0');
insert into creature (`id`,`map`,`spawnMask`,`phaseMask`,`modelid`,`equipment_id`,`position_x`,`position_y`,`position_z`,`orientation`,`spawntimesecs`, `spawndist`,`currentwaypoint`,`curhealth`,`curmana`,`MovementType`,`npcflag`,`unit_flags`,`dynamicflags`) values ('44202','669','15','1','0','0','-115.956','42.477','72.0559','4.65658','864000','0','0','774900','0','0','0','0','0');
insert into creature (`id`,`map`,`spawnMask`,`phaseMask`,`modelid`,`equipment_id`,`position_x`,`position_y`,`position_z`,`orientation`,`spawntimesecs`, `spawndist`,`currentwaypoint`,`curhealth`,`curmana`,`MovementType`,`npcflag`,`unit_flags`,`dynamicflags`) values ('41377','669','15','1','0','0','-75.8496','-427.989','73.247','3.44959','864000','0','0','85892','0','0','0','0','0');
insert into creature (`id`,`map`,`spawnMask`,`phaseMask`,`modelid`,`equipment_id`,`position_x`,`position_y`,`position_z`,`orientation`,`spawntimesecs`, `spawndist`,`currentwaypoint`,`curhealth`,`curmana`,`MovementType`,`npcflag`,`unit_flags`,`dynamicflags`) values ('42186','669','15','1','0','0','-324.858','-419.466','213.897','1.56003','864000','0','1','42000','0','0','0','0','0');
insert into creature (`id`,`map`,`spawnMask`,`phaseMask`,`modelid`,`equipment_id`,`position_x`,`position_y`,`position_z`,`orientation`,`spawntimesecs`, `spawndist`,`currentwaypoint`,`curhealth`,`curmana`,`MovementType`,`npcflag`,`unit_flags`,`dynamicflags`) values ('42178','669','15','1','0','0','-307.725','-410.42','214.016','1.8145','864000','0','0','25767600','0','0','0','0','0');


/* -----------------------CREATURE_TEMPLATE------------------------------------*/

insert into creature_template (`entry`,`difficulty_entry_1`,`difficulty_entry_2`,`difficulty_entry_3`,`KillCredit1`,`KillCredit2`, `modelid1`,`modelid2`,`modelid3`,`modelid4`,`name`,`subname`,`IconName`,`gossip_menu_id`,`minlevel`,`maxlevel`,`exp`,`faction_A`, `faction_H`,`npcflag`,`speed_walk`,`speed_run`,`scale`,`rank`,`mindmg`,`maxdmg`,`dmgschool`,`attackpower`,`dmg_multiplier`, `baseattacktime`,`rangeattacktime`,`unit_class`,`unit_flags`,`dynamicflags`,`family`,`trainer_type`,`trainer_class`, `trainer_race`,`minrangedmg`,`maxrangedmg`,`rangedattackpower`,`type`,`type_flags`,`lootid`,`pickpocketloot`,`skinloot`,`resistance1`, `resistance2`,`resistance3`,`resistance4`,`resistance5`,`resistance6`,`spell1`,`spell2`,`spell3`,`spell4`,`spell5`,`spell6`,`spell7`, `spell8`,`PetSpellDataId`,`VehicleId`,`mingold`,`maxgold`,`AIName`,`MovementType`,`InhabitType`,`Health_mod`,`Mana_mod`,`Armor_mod`, `RacialLeader`,`questItem1`,`questItem2`,`questItem3`,`questItem4`,`questItem5`,`questItem6`,`movementId`,`RegenHealth`, `mechanic_immune_mask`,`flags_extra`,`ScriptName`,`WDBVerified`) values ('41377','0','0','0','0','0','11686','0','0','0','Release Abberations Trigger','','','0','83','83','0','16','16','0','1','1.14286','1','0','3.8','3.8','0','46','1','0','0','1','33554948','0','0','0','0','0','1.9','1.9','5000','10','1024','0','0','0','0','0','0','0','0','0','0','0','0','0','0','0','0','0','0','0','0','0','','0','3','1','1','1','0','0','0','0','0','0','0','0','1','0','0','','1');
insert into creature_template (`entry`,`difficulty_entry_1`,`difficulty_entry_2`,`difficulty_entry_3`,`KillCredit1`,`KillCredit2`, `modelid1`,`modelid2`,`modelid3`,`modelid4`,`name`,`subname`,`IconName`,`gossip_menu_id`,`minlevel`,`maxlevel`,`exp`,`faction_A`, `faction_H`,`npcflag`,`speed_walk`,`speed_run`,`scale`,`rank`,`mindmg`,`maxdmg`,`dmgschool`,`attackpower`,`dmg_multiplier`, `baseattacktime`,`rangeattacktime`,`unit_class`,`unit_flags`,`dynamicflags`,`family`,`trainer_type`,`trainer_class`, `trainer_race`,`minrangedmg`,`maxrangedmg`,`rangedattackpower`,`type`,`type_flags`,`lootid`,`pickpocketloot`,`skinloot`,`resistance1`, `resistance2`,`resistance3`,`resistance4`,`resistance5`,`resistance6`,`spell1`,`spell2`,`spell3`,`spell4`,`spell5`,`spell6`,`spell7`, `spell8`,`PetSpellDataId`,`VehicleId`,`mingold`,`maxgold`,`AIName`,`MovementType`,`InhabitType`,`Health_mod`,`Mana_mod`,`Armor_mod`, `RacialLeader`,`questItem1`,`questItem2`,`questItem3`,`questItem4`,`questItem5`,`questItem6`,`movementId`,`RegenHealth`, `mechanic_immune_mask`,`flags_extra`,`ScriptName`,`WDBVerified`) values ('41378','49974','49980','49986','0','0','33186','0','0','0','Maloriak','','','0','88','88','3','16','16','0','1','1.14286','1','1','1225.5','1544.7','0','1651','7.5','2000','0','1','0','0','0','0','0','0','1160.9','1328.1','225','2','108','41378','0','0','0','0','0','0','0','0','0','0','0','0','0','0','0','0','0','0','1540929','2612390','','0','1','230','500','1','0','0','0','0','0','0','0','169','1','604708828','1','boss_maloriak','1');
insert into creature_template (`entry`,`difficulty_entry_1`,`difficulty_entry_2`,`difficulty_entry_3`,`KillCredit1`,`KillCredit2`, `modelid1`,`modelid2`,`modelid3`,`modelid4`,`name`,`subname`,`IconName`,`gossip_menu_id`,`minlevel`,`maxlevel`,`exp`,`faction_A`, `faction_H`,`npcflag`,`speed_walk`,`speed_run`,`scale`,`rank`,`mindmg`,`maxdmg`,`dmgschool`,`attackpower`,`dmg_multiplier`, `baseattacktime`,`rangeattacktime`,`unit_class`,`unit_flags`,`dynamicflags`,`family`,`trainer_type`,`trainer_class`, `trainer_race`,`minrangedmg`,`maxrangedmg`,`rangedattackpower`,`type`,`type_flags`,`lootid`,`pickpocketloot`,`skinloot`,`resistance1`, `resistance2`,`resistance3`,`resistance4`,`resistance5`,`resistance6`,`spell1`,`spell2`,`spell3`,`spell4`,`spell5`,`spell6`,`spell7`, `spell8`,`PetSpellDataId`,`VehicleId`,`mingold`,`maxgold`,`AIName`,`MovementType`,`InhabitType`,`Health_mod`,`Mana_mod`,`Armor_mod`, `RacialLeader`,`questItem1`,`questItem2`,`questItem3`,`questItem4`,`questItem5`,`questItem6`,`movementId`,`RegenHealth`, `mechanic_immune_mask`,`flags_extra`,`ScriptName`,`WDBVerified`) values ('41379','0','0','0','0','0','32440','0','0','0','Lord Victor Nefarius','Lord of Blackrock','','0','85','85','3','16','16','0','1','1.14286','1','3','619.2','835.2','0','976','35','2000','0','2','0','0','0','0','0','0','466.8','654','156','2','68','0','0','0','0','0','0','0','0','0','0','0','0','0','0','0','0','0','0','0','1500000','1500000','','0','1','168.327','100','1','0','0','0','0','0','0','0','0','1','613097436','0','','1');
insert into creature_template (`entry`,`difficulty_entry_1`,`difficulty_entry_2`,`difficulty_entry_3`,`KillCredit1`,`KillCredit2`, `modelid1`,`modelid2`,`modelid3`,`modelid4`,`name`,`subname`,`IconName`,`gossip_menu_id`,`minlevel`,`maxlevel`,`exp`,`faction_A`, `faction_H`,`npcflag`,`speed_walk`,`speed_run`,`scale`,`rank`,`mindmg`,`maxdmg`,`dmgschool`,`attackpower`,`dmg_multiplier`, `baseattacktime`,`rangeattacktime`,`unit_class`,`unit_flags`,`dynamicflags`,`family`,`trainer_type`,`trainer_class`, `trainer_race`,`minrangedmg`,`maxrangedmg`,`rangedattackpower`,`type`,`type_flags`,`lootid`,`pickpocketloot`,`skinloot`,`resistance1`, `resistance2`,`resistance3`,`resistance4`,`resistance5`,`resistance6`,`spell1`,`spell2`,`spell3`,`spell4`,`spell5`,`spell6`,`spell7`, `spell8`,`PetSpellDataId`,`VehicleId`,`mingold`,`maxgold`,`AIName`,`MovementType`,`InhabitType`,`Health_mod`,`Mana_mod`,`Armor_mod`, `RacialLeader`,`questItem1`,`questItem2`,`questItem3`,`questItem4`,`questItem5`,`questItem6`,`movementId`,`RegenHealth`, `mechanic_immune_mask`,`flags_extra`,`ScriptName`,`WDBVerified`) values ('41570','51101','51102','51103','0','0','32679','0','0','0','Magmaw','','','0','85','85','3','16','16','0','1','1.14286','1','3','1007','1354.7','0','1571','35','2000','0','1','4','0','0','0','0','0','758.1','1062.1','220','10','262252','41570','0','0','0','0','0','0','0','0','77917','0','0','0','0','0','0','0','0','522','2104560','3055439','','0','1','344','1','1','0','0','0','0','0','0','0','152','1','604708828','1','boss_magmaw','1');
insert into creature_template (`entry`,`difficulty_entry_1`,`difficulty_entry_2`,`difficulty_entry_3`,`KillCredit1`,`KillCredit2`, `modelid1`,`modelid2`,`modelid3`,`modelid4`,`name`,`subname`,`IconName`,`gossip_menu_id`,`minlevel`,`maxlevel`,`exp`,`faction_A`, `faction_H`,`npcflag`,`speed_walk`,`speed_run`,`scale`,`rank`,`mindmg`,`maxdmg`,`dmgschool`,`attackpower`,`dmg_multiplier`, `baseattacktime`,`rangeattacktime`,`unit_class`,`unit_flags`,`dynamicflags`,`family`,`trainer_type`,`trainer_class`, `trainer_race`,`minrangedmg`,`maxrangedmg`,`rangedattackpower`,`type`,`type_flags`,`lootid`,`pickpocketloot`,`skinloot`,`resistance1`, `resistance2`,`resistance3`,`resistance4`,`resistance5`,`resistance6`,`spell1`,`spell2`,`spell3`,`spell4`,`spell5`,`spell6`,`spell7`, `spell8`,`PetSpellDataId`,`VehicleId`,`mingold`,`maxgold`,`AIName`,`MovementType`,`InhabitType`,`Health_mod`,`Mana_mod`,`Armor_mod`, `RacialLeader`,`questItem1`,`questItem2`,`questItem3`,`questItem4`,`questItem5`,`questItem6`,`movementId`,`RegenHealth`, `mechanic_immune_mask`,`flags_extra`,`ScriptName`,`WDBVerified`) values ('42166','49056','49057','49058','0','0','32687','0','0','0','Arcanotron','','','0','85','85','3','16','16','0','1','1.14286','1','1','1007','1354','0','1571','7.5','2000','0','1','0','0','0','0','0','0','758','1062','220','9','76','42180','0','0','0','0','0','0','0','0','0','0','0','0','0','0','0','0','0','0','1200','1400','','0','1','300','1','1','0','0','0','0','0','0','0','144','1','604708828','1','boss_trons','1');
insert into creature_template (`entry`,`difficulty_entry_1`,`difficulty_entry_2`,`difficulty_entry_3`,`KillCredit1`,`KillCredit2`, `modelid1`,`modelid2`,`modelid3`,`modelid4`,`name`,`subname`,`IconName`,`gossip_menu_id`,`minlevel`,`maxlevel`,`exp`,`faction_A`, `faction_H`,`npcflag`,`speed_walk`,`speed_run`,`scale`,`rank`,`mindmg`,`maxdmg`,`dmgschool`,`attackpower`,`dmg_multiplier`, `baseattacktime`,`rangeattacktime`,`unit_class`,`unit_flags`,`dynamicflags`,`family`,`trainer_type`,`trainer_class`, `trainer_race`,`minrangedmg`,`maxrangedmg`,`rangedattackpower`,`type`,`type_flags`,`lootid`,`pickpocketloot`,`skinloot`,`resistance1`, `resistance2`,`resistance3`,`resistance4`,`resistance5`,`resistance6`,`spell1`,`spell2`,`spell3`,`spell4`,`spell5`,`spell6`,`spell7`, `spell8`,`PetSpellDataId`,`VehicleId`,`mingold`,`maxgold`,`AIName`,`MovementType`,`InhabitType`,`Health_mod`,`Mana_mod`,`Armor_mod`, `RacialLeader`,`questItem1`,`questItem2`,`questItem3`,`questItem4`,`questItem5`,`questItem6`,`movementId`,`RegenHealth`, `mechanic_immune_mask`,`flags_extra`,`ScriptName`,`WDBVerified`) values ('42178','49053','49054','49055','0','0','32685','0','0','0','Magmatron','','','0','85','85','3','16','16','0','1','1.14286','1','1','1007','1354','0','1571','7.5','2000','0','1','0','0','0','0','0','0','758','1062','220','9','76','42180','0','0','0','0','0','0','0','0','0','0','0','0','0','0','0','0','0','0','1200','1400','','0','1','300','1','1','0','0','0','0','0','0','0','144','1','604708828','1','boss_trons','1');
insert into creature_template (`entry`,`difficulty_entry_1`,`difficulty_entry_2`,`difficulty_entry_3`,`KillCredit1`,`KillCredit2`, `modelid1`,`modelid2`,`modelid3`,`modelid4`,`name`,`subname`,`IconName`,`gossip_menu_id`,`minlevel`,`maxlevel`,`exp`,`faction_A`, `faction_H`,`npcflag`,`speed_walk`,`speed_run`,`scale`,`rank`,`mindmg`,`maxdmg`,`dmgschool`,`attackpower`,`dmg_multiplier`, `baseattacktime`,`rangeattacktime`,`unit_class`,`unit_flags`,`dynamicflags`,`family`,`trainer_type`,`trainer_class`, `trainer_race`,`minrangedmg`,`maxrangedmg`,`rangedattackpower`,`type`,`type_flags`,`lootid`,`pickpocketloot`,`skinloot`,`resistance1`, `resistance2`,`resistance3`,`resistance4`,`resistance5`,`resistance6`,`spell1`,`spell2`,`spell3`,`spell4`,`spell5`,`spell6`,`spell7`, `spell8`,`PetSpellDataId`,`VehicleId`,`mingold`,`maxgold`,`AIName`,`MovementType`,`InhabitType`,`Health_mod`,`Mana_mod`,`Armor_mod`, `RacialLeader`,`questItem1`,`questItem2`,`questItem3`,`questItem4`,`questItem5`,`questItem6`,`movementId`,`RegenHealth`, `mechanic_immune_mask`,`flags_extra`,`ScriptName`,`WDBVerified`) values ('42179','49047','49048','49049','0','0','32688','0','0','0','Electron','','','0','85','85','3','16','16','0','1','1.14286','1','1','1007','1354','0','1571','7.5','2000','0','1','0','0','0','0','0','0','758','1062','220','9','76','42180','0','0','0','0','0','0','0','0','0','0','0','0','0','0','0','0','0','0','1200','1400','','0','1','300','1','1','0','0','0','0','0','0','0','144','1','604708828','1','boss_trons','1');
insert into creature_template (`entry`,`difficulty_entry_1`,`difficulty_entry_2`,`difficulty_entry_3`,`KillCredit1`,`KillCredit2`, `modelid1`,`modelid2`,`modelid3`,`modelid4`,`name`,`subname`,`IconName`,`gossip_menu_id`,`minlevel`,`maxlevel`,`exp`,`faction_A`, `faction_H`,`npcflag`,`speed_walk`,`speed_run`,`scale`,`rank`,`mindmg`,`maxdmg`,`dmgschool`,`attackpower`,`dmg_multiplier`, `baseattacktime`,`rangeattacktime`,`unit_class`,`unit_flags`,`dynamicflags`,`family`,`trainer_type`,`trainer_class`, `trainer_race`,`minrangedmg`,`maxrangedmg`,`rangedattackpower`,`type`,`type_flags`,`lootid`,`pickpocketloot`,`skinloot`,`resistance1`, `resistance2`,`resistance3`,`resistance4`,`resistance5`,`resistance6`,`spell1`,`spell2`,`spell3`,`spell4`,`spell5`,`spell6`,`spell7`, `spell8`,`PetSpellDataId`,`VehicleId`,`mingold`,`maxgold`,`AIName`,`MovementType`,`InhabitType`,`Health_mod`,`Mana_mod`,`Armor_mod`, `RacialLeader`,`questItem1`,`questItem2`,`questItem3`,`questItem4`,`questItem5`,`questItem6`,`movementId`,`RegenHealth`, `mechanic_immune_mask`,`flags_extra`,`ScriptName`,`WDBVerified`) values ('42180','49050','49051','49052','0','0','32684','0','0','0','Toxitron','','','0','85','85','3','16','16','0','1','1.14286','1','1','1007','1354','0','1571','7.5','2000','0','1','0','0','0','0','0','0','758','1062','220','9','76','42180','0','0','0','0','0','0','0','0','0','0','0','0','0','0','0','0','0','0','1200','1400','','0','1','300','1','1','0','0','0','0','0','0','0','144','1','604708828','1','boss_trons','1');
insert into creature_template (`entry`,`difficulty_entry_1`,`difficulty_entry_2`,`difficulty_entry_3`,`KillCredit1`,`KillCredit2`, `modelid1`,`modelid2`,`modelid3`,`modelid4`,`name`,`subname`,`IconName`,`gossip_menu_id`,`minlevel`,`maxlevel`,`exp`,`faction_A`, `faction_H`,`npcflag`,`speed_walk`,`speed_run`,`scale`,`rank`,`mindmg`,`maxdmg`,`dmgschool`,`attackpower`,`dmg_multiplier`, `baseattacktime`,`rangeattacktime`,`unit_class`,`unit_flags`,`dynamicflags`,`family`,`trainer_type`,`trainer_class`, `trainer_race`,`minrangedmg`,`maxrangedmg`,`rangedattackpower`,`type`,`type_flags`,`lootid`,`pickpocketloot`,`skinloot`,`resistance1`, `resistance2`,`resistance3`,`resistance4`,`resistance5`,`resistance6`,`spell1`,`spell2`,`spell3`,`spell4`,`spell5`,`spell6`,`spell7`, `spell8`,`PetSpellDataId`,`VehicleId`,`mingold`,`maxgold`,`AIName`,`MovementType`,`InhabitType`,`Health_mod`,`Mana_mod`,`Armor_mod`, `RacialLeader`,`questItem1`,`questItem2`,`questItem3`,`questItem4`,`questItem5`,`questItem6`,`movementId`,`RegenHealth`, `mechanic_immune_mask`,`flags_extra`,`ScriptName`,`WDBVerified`) values ('42186','120000','120001','120002','0','0','11686','0','0','0','Omnotron','','','0','1','1','0','16','16','0','1','1.14286','1','0','3.8','3.8','0','46','1','0','0','1','33554948','0','0','0','0','0','1.9','1.9','0','10','1024','0','0','0','0','0','0','0','0','0','0','0','0','0','0','0','0','0','0','0','0','0','','0','3','1000','1','1','0','0','0','0','0','0','0','94','0','0','0','boss_omnotron','1');
insert into creature_template (`entry`,`difficulty_entry_1`,`difficulty_entry_2`,`difficulty_entry_3`,`KillCredit1`,`KillCredit2`, `modelid1`,`modelid2`,`modelid3`,`modelid4`,`name`,`subname`,`IconName`,`gossip_menu_id`,`minlevel`,`maxlevel`,`exp`,`faction_A`, `faction_H`,`npcflag`,`speed_walk`,`speed_run`,`scale`,`rank`,`mindmg`,`maxdmg`,`dmgschool`,`attackpower`,`dmg_multiplier`, `baseattacktime`,`rangeattacktime`,`unit_class`,`unit_flags`,`dynamicflags`,`family`,`trainer_type`,`trainer_class`, `trainer_race`,`minrangedmg`,`maxrangedmg`,`rangedattackpower`,`type`,`type_flags`,`lootid`,`pickpocketloot`,`skinloot`,`resistance1`, `resistance2`,`resistance3`,`resistance4`,`resistance5`,`resistance6`,`spell1`,`spell2`,`spell3`,`spell4`,`spell5`,`spell6`,`spell7`, `spell8`,`PetSpellDataId`,`VehicleId`,`mingold`,`maxgold`,`AIName`,`MovementType`,`InhabitType`,`Health_mod`,`Mana_mod`,`Armor_mod`, `RacialLeader`,`questItem1`,`questItem2`,`questItem3`,`questItem4`,`questItem5`,`questItem6`,`movementId`,`RegenHealth`, `mechanic_immune_mask`,`flags_extra`,`ScriptName`,`WDBVerified`) values ('42649','0','0','0','0','0','14308','0','0','0','Drakonid Chainwielder','','','0','85','85','3','16','16','0','1','1.14286','1','1','1007','1354.7','0','1571','7.5','2000','0','1','0','0','0','0','0','0','758.1','1062.1','220','2','72','42649','0','0','0','0','0','0','0','0','0','0','0','0','0','0','0','0','0','0','1200','1400','SmartAI','0','1','60','10','1','0','0','0','0','0','0','0','115','1','613097436','0','','14480');
insert into creature_template (`entry`,`difficulty_entry_1`,`difficulty_entry_2`,`difficulty_entry_3`,`KillCredit1`,`KillCredit2`, `modelid1`,`modelid2`,`modelid3`,`modelid4`,`name`,`subname`,`IconName`,`gossip_menu_id`,`minlevel`,`maxlevel`,`exp`,`faction_A`, `faction_H`,`npcflag`,`speed_walk`,`speed_run`,`scale`,`rank`,`mindmg`,`maxdmg`,`dmgschool`,`attackpower`,`dmg_multiplier`, `baseattacktime`,`rangeattacktime`,`unit_class`,`unit_flags`,`dynamicflags`,`family`,`trainer_type`,`trainer_class`, `trainer_race`,`minrangedmg`,`maxrangedmg`,`rangedattackpower`,`type`,`type_flags`,`lootid`,`pickpocketloot`,`skinloot`,`resistance1`, `resistance2`,`resistance3`,`resistance4`,`resistance5`,`resistance6`,`spell1`,`spell2`,`spell3`,`spell4`,`spell5`,`spell6`,`spell7`, `spell8`,`PetSpellDataId`,`VehicleId`,`mingold`,`maxgold`,`AIName`,`MovementType`,`InhabitType`,`Health_mod`,`Mana_mod`,`Armor_mod`, `RacialLeader`,`questItem1`,`questItem2`,`questItem3`,`questItem4`,`questItem5`,`questItem6`,`movementId`,`RegenHealth`, `mechanic_immune_mask`,`flags_extra`,`ScriptName`,`WDBVerified`) values ('42764','49491','0','0','0','0','33433','0','0','0','Pyrecraw','','','0','85','85','3','16','16','0','1','1.14286','1','1','1007','1354.7','0','1571','7.5','2000','0','1','0','0','0','0','0','0','758.1','1062.1','220','2','72','42764','0','42764','0','0','0','0','0','0','0','0','0','0','0','0','0','0','0','0','15','33','SmartAI','0','1','75','10','1','0','0','0','0','0','0','0','115','1','0','0','','1');
insert into creature_template (`entry`,`difficulty_entry_1`,`difficulty_entry_2`,`difficulty_entry_3`,`KillCredit1`,`KillCredit2`, `modelid1`,`modelid2`,`modelid3`,`modelid4`,`name`,`subname`,`IconName`,`gossip_menu_id`,`minlevel`,`maxlevel`,`exp`,`faction_A`, `faction_H`,`npcflag`,`speed_walk`,`speed_run`,`scale`,`rank`,`mindmg`,`maxdmg`,`dmgschool`,`attackpower`,`dmg_multiplier`, `baseattacktime`,`rangeattacktime`,`unit_class`,`unit_flags`,`dynamicflags`,`family`,`trainer_type`,`trainer_class`, `trainer_race`,`minrangedmg`,`maxrangedmg`,`rangedattackpower`,`type`,`type_flags`,`lootid`,`pickpocketloot`,`skinloot`,`resistance1`, `resistance2`,`resistance3`,`resistance4`,`resistance5`,`resistance6`,`spell1`,`spell2`,`spell3`,`spell4`,`spell5`,`spell6`,`spell7`, `spell8`,`PetSpellDataId`,`VehicleId`,`mingold`,`maxgold`,`AIName`,`MovementType`,`InhabitType`,`Health_mod`,`Mana_mod`,`Armor_mod`, `RacialLeader`,`questItem1`,`questItem2`,`questItem3`,`questItem4`,`questItem5`,`questItem6`,`movementId`,`RegenHealth`, `mechanic_immune_mask`,`flags_extra`,`ScriptName`,`WDBVerified`) values ('42767','49492','0','0','0','0','33433','0','0','0','Ivoroc','','','0','85','85','3','16','16','0','1','1.14286','1','1','1007','1354.7','0','1571','7.5','2000','0','1','0','0','0','0','0','0','758.1','1062.1','220','2','72','42767','0','42767','0','0','0','0','0','0','0','0','0','0','0','0','0','0','0','0','15','33','SmartAI','0','1','70','10','1','0','0','0','0','0','0','0','115','1','0','0','','1');
insert into creature_template (`entry`,`difficulty_entry_1`,`difficulty_entry_2`,`difficulty_entry_3`,`KillCredit1`,`KillCredit2`, `modelid1`,`modelid2`,`modelid3`,`modelid4`,`name`,`subname`,`IconName`,`gossip_menu_id`,`minlevel`,`maxlevel`,`exp`,`faction_A`, `faction_H`,`npcflag`,`speed_walk`,`speed_run`,`scale`,`rank`,`mindmg`,`maxdmg`,`dmgschool`,`attackpower`,`dmg_multiplier`, `baseattacktime`,`rangeattacktime`,`unit_class`,`unit_flags`,`dynamicflags`,`family`,`trainer_type`,`trainer_class`, `trainer_race`,`minrangedmg`,`maxrangedmg`,`rangedattackpower`,`type`,`type_flags`,`lootid`,`pickpocketloot`,`skinloot`,`resistance1`, `resistance2`,`resistance3`,`resistance4`,`resistance5`,`resistance6`,`spell1`,`spell2`,`spell3`,`spell4`,`spell5`,`spell6`,`spell7`, `spell8`,`PetSpellDataId`,`VehicleId`,`mingold`,`maxgold`,`AIName`,`MovementType`,`InhabitType`,`Health_mod`,`Mana_mod`,`Armor_mod`, `RacialLeader`,`questItem1`,`questItem2`,`questItem3`,`questItem4`,`questItem5`,`questItem6`,`movementId`,`RegenHealth`, `mechanic_immune_mask`,`flags_extra`,`ScriptName`,`WDBVerified`) values ('42768','49500','0','0','0','0','33097','0','0','0','Maimgor','','','0','84','85','3','16','16','0','1','1.14286','1','1','1007','1354.7','0','1571','7.5','2000','0','1','0','0','0','0','0','0','758.1','1062.1','220','2','72','42768','0','42768','0','0','0','0','0','0','0','0','0','0','0','0','0','0','0','0','15','33','SmartAI','0','1','75','10','1','0','0','0','0','0','0','0','115','1','0','0','','1');
insert into creature_template (`entry`,`difficulty_entry_1`,`difficulty_entry_2`,`difficulty_entry_3`,`KillCredit1`,`KillCredit2`, `modelid1`,`modelid2`,`modelid3`,`modelid4`,`name`,`subname`,`IconName`,`gossip_menu_id`,`minlevel`,`maxlevel`,`exp`,`faction_A`, `faction_H`,`npcflag`,`speed_walk`,`speed_run`,`scale`,`rank`,`mindmg`,`maxdmg`,`dmgschool`,`attackpower`,`dmg_multiplier`, `baseattacktime`,`rangeattacktime`,`unit_class`,`unit_flags`,`dynamicflags`,`family`,`trainer_type`,`trainer_class`, `trainer_race`,`minrangedmg`,`maxrangedmg`,`rangedattackpower`,`type`,`type_flags`,`lootid`,`pickpocketloot`,`skinloot`,`resistance1`, `resistance2`,`resistance3`,`resistance4`,`resistance5`,`resistance6`,`spell1`,`spell2`,`spell3`,`spell4`,`spell5`,`spell6`,`spell7`, `spell8`,`PetSpellDataId`,`VehicleId`,`mingold`,`maxgold`,`AIName`,`MovementType`,`InhabitType`,`Health_mod`,`Mana_mod`,`Armor_mod`, `RacialLeader`,`questItem1`,`questItem2`,`questItem3`,`questItem4`,`questItem5`,`questItem6`,`movementId`,`RegenHealth`, `mechanic_immune_mask`,`flags_extra`,`ScriptName`,`WDBVerified`) values ('42800','49501','0','0','0','0','33073','0','0','0','Golem Sentry','','','0','85','85','3','16','16','0','1','1.14286','1','1','1007','1354.7','0','1571','7.5','2000','0','1','0','0','0','0','0','0','758.1','1062.1','220','9','72','42800','0','0','0','0','0','0','0','0','0','0','0','0','0','0','0','0','0','0','120','140','SmartAI','0','1','60','10','1','0','0','0','0','0','0','0','115','1','0','0','','1');
insert into creature_template (`entry`,`difficulty_entry_1`,`difficulty_entry_2`,`difficulty_entry_3`,`KillCredit1`,`KillCredit2`, `modelid1`,`modelid2`,`modelid3`,`modelid4`,`name`,`subname`,`IconName`,`gossip_menu_id`,`minlevel`,`maxlevel`,`exp`,`faction_A`, `faction_H`,`npcflag`,`speed_walk`,`speed_run`,`scale`,`rank`,`mindmg`,`maxdmg`,`dmgschool`,`attackpower`,`dmg_multiplier`, `baseattacktime`,`rangeattacktime`,`unit_class`,`unit_flags`,`dynamicflags`,`family`,`trainer_type`,`trainer_class`, `trainer_race`,`minrangedmg`,`maxrangedmg`,`rangedattackpower`,`type`,`type_flags`,`lootid`,`pickpocketloot`,`skinloot`,`resistance1`, `resistance2`,`resistance3`,`resistance4`,`resistance5`,`resistance6`,`spell1`,`spell2`,`spell3`,`spell4`,`spell5`,`spell6`,`spell7`, `spell8`,`PetSpellDataId`,`VehicleId`,`mingold`,`maxgold`,`AIName`,`MovementType`,`InhabitType`,`Health_mod`,`Mana_mod`,`Armor_mod`, `RacialLeader`,`questItem1`,`questItem2`,`questItem3`,`questItem4`,`questItem5`,`questItem6`,`movementId`,`RegenHealth`, `mechanic_immune_mask`,`flags_extra`,`ScriptName`,`WDBVerified`) values ('42802','49502','0','0','0','0','14308','0','0','0','Drakonid Slayer','','','0','85','85','3','16','16','0','1','1.14286','1','1','1007','1354.7','0','1571','7.5','2000','0','1','0','0','0','0','0','0','758.1','1062.1','220','2','72','42802','0','0','0','0','0','0','0','0','0','0','0','0','0','0','0','0','0','0','15','33','SmartAI','0','1','42','10','1','0','0','0','0','0','0','0','115','1','0','0','','1');
insert into creature_template (`entry`,`difficulty_entry_1`,`difficulty_entry_2`,`difficulty_entry_3`,`KillCredit1`,`KillCredit2`, `modelid1`,`modelid2`,`modelid3`,`modelid4`,`name`,`subname`,`IconName`,`gossip_menu_id`,`minlevel`,`maxlevel`,`exp`,`faction_A`, `faction_H`,`npcflag`,`speed_walk`,`speed_run`,`scale`,`rank`,`mindmg`,`maxdmg`,`dmgschool`,`attackpower`,`dmg_multiplier`, `baseattacktime`,`rangeattacktime`,`unit_class`,`unit_flags`,`dynamicflags`,`family`,`trainer_type`,`trainer_class`, `trainer_race`,`minrangedmg`,`maxrangedmg`,`rangedattackpower`,`type`,`type_flags`,`lootid`,`pickpocketloot`,`skinloot`,`resistance1`, `resistance2`,`resistance3`,`resistance4`,`resistance5`,`resistance6`,`spell1`,`spell2`,`spell3`,`spell4`,`spell5`,`spell6`,`spell7`, `spell8`,`PetSpellDataId`,`VehicleId`,`mingold`,`maxgold`,`AIName`,`MovementType`,`InhabitType`,`Health_mod`,`Mana_mod`,`Armor_mod`, `RacialLeader`,`questItem1`,`questItem2`,`questItem3`,`questItem4`,`questItem5`,`questItem6`,`movementId`,`RegenHealth`, `mechanic_immune_mask`,`flags_extra`,`ScriptName`,`WDBVerified`) values ('42949','0','0','0','0','0','33149','0','0','0','Ancient Dwarven Shield','','','0','85','85','3','1818','1818','0','1','1.14286','1','0','1007','1354.7','0','1571','1','2000','0','1','0','0','0','0','0','0','758.1','1062.1','220','10','0','0','0','0','0','0','0','0','0','0','0','0','0','0','0','0','0','0','0','0','15','33','','0','1','50','1','1','0','0','0','0','0','0','0','0','1','0','0','','14480');
insert into creature_template (`entry`,`difficulty_entry_1`,`difficulty_entry_2`,`difficulty_entry_3`,`KillCredit1`,`KillCredit2`, `modelid1`,`modelid2`,`modelid3`,`modelid4`,`name`,`subname`,`IconName`,`gossip_menu_id`,`minlevel`,`maxlevel`,`exp`,`faction_A`, `faction_H`,`npcflag`,`speed_walk`,`speed_run`,`scale`,`rank`,`mindmg`,`maxdmg`,`dmgschool`,`attackpower`,`dmg_multiplier`, `baseattacktime`,`rangeattacktime`,`unit_class`,`unit_flags`,`dynamicflags`,`family`,`trainer_type`,`trainer_class`, `trainer_race`,`minrangedmg`,`maxrangedmg`,`rangedattackpower`,`type`,`type_flags`,`lootid`,`pickpocketloot`,`skinloot`,`resistance1`, `resistance2`,`resistance3`,`resistance4`,`resistance5`,`resistance6`,`spell1`,`spell2`,`spell3`,`spell4`,`spell5`,`spell6`,`spell7`, `spell8`,`PetSpellDataId`,`VehicleId`,`mingold`,`maxgold`,`AIName`,`MovementType`,`InhabitType`,`Health_mod`,`Mana_mod`,`Armor_mod`, `RacialLeader`,`questItem1`,`questItem2`,`questItem3`,`questItem4`,`questItem5`,`questItem6`,`movementId`,`RegenHealth`, `mechanic_immune_mask`,`flags_extra`,`ScriptName`,`WDBVerified`) values ('43126','49508','0','0','0','0','36441','0','0','0','Spirit of Thaurissan','','','0','85','85','3','16','16','0','1','1.14286','1','1','619.2','835.2','0','976','7.5','2000','0','2','0','0','0','0','0','0','466.8','654','156','6','72','43126','0','0','0','0','0','0','0','0','0','0','0','0','0','0','0','0','0','0','175183','175183','SmartAI','0','1','30','10','1','0','0','0','0','0','0','0','115','1','0','0','','1');
insert into creature_template (`entry`,`difficulty_entry_1`,`difficulty_entry_2`,`difficulty_entry_3`,`KillCredit1`,`KillCredit2`, `modelid1`,`modelid2`,`modelid3`,`modelid4`,`name`,`subname`,`IconName`,`gossip_menu_id`,`minlevel`,`maxlevel`,`exp`,`faction_A`, `faction_H`,`npcflag`,`speed_walk`,`speed_run`,`scale`,`rank`,`mindmg`,`maxdmg`,`dmgschool`,`attackpower`,`dmg_multiplier`, `baseattacktime`,`rangeattacktime`,`unit_class`,`unit_flags`,`dynamicflags`,`family`,`trainer_type`,`trainer_class`, `trainer_race`,`minrangedmg`,`maxrangedmg`,`rangedattackpower`,`type`,`type_flags`,`lootid`,`pickpocketloot`,`skinloot`,`resistance1`, `resistance2`,`resistance3`,`resistance4`,`resistance5`,`resistance6`,`spell1`,`spell2`,`spell3`,`spell4`,`spell5`,`spell6`,`spell7`, `spell8`,`PetSpellDataId`,`VehicleId`,`mingold`,`maxgold`,`AIName`,`MovementType`,`InhabitType`,`Health_mod`,`Mana_mod`,`Armor_mod`, `RacialLeader`,`questItem1`,`questItem2`,`questItem3`,`questItem4`,`questItem5`,`questItem6`,`movementId`,`RegenHealth`, `mechanic_immune_mask`,`flags_extra`,`ScriptName`,`WDBVerified`) values ('44202','0','0','0','0','0','33716','0','0','0','Finkle Einhorn','','','0','85','85','3','35','35','1','1','1.14286','1','0','1007','1354.7','0','1571','1','0','0','1','0','0','0','0','0','0','758.1','1062.1','220','7','104','0','0','0','0','0','0','0','0','0','0','0','0','0','0','0','0','0','0','0','0','0','','0','3','10','1','1','0','0','0','0','0','0','0','150','1','0','0','mob_finkle_einhorn','14480');
insert into creature_template (`entry`,`difficulty_entry_1`,`difficulty_entry_2`,`difficulty_entry_3`,`KillCredit1`,`KillCredit2`, `modelid1`,`modelid2`,`modelid3`,`modelid4`,`name`,`subname`,`IconName`,`gossip_menu_id`,`minlevel`,`maxlevel`,`exp`,`faction_A`, `faction_H`,`npcflag`,`speed_walk`,`speed_run`,`scale`,`rank`,`mindmg`,`maxdmg`,`dmgschool`,`attackpower`,`dmg_multiplier`, `baseattacktime`,`rangeattacktime`,`unit_class`,`unit_flags`,`dynamicflags`,`family`,`trainer_type`,`trainer_class`, `trainer_race`,`minrangedmg`,`maxrangedmg`,`rangedattackpower`,`type`,`type_flags`,`lootid`,`pickpocketloot`,`skinloot`,`resistance1`, `resistance2`,`resistance3`,`resistance4`,`resistance5`,`resistance6`,`spell1`,`spell2`,`spell3`,`spell4`,`spell5`,`spell6`,`spell7`, `spell8`,`PetSpellDataId`,`VehicleId`,`mingold`,`maxgold`,`AIName`,`MovementType`,`InhabitType`,`Health_mod`,`Mana_mod`,`Armor_mod`, `RacialLeader`,`questItem1`,`questItem2`,`questItem3`,`questItem4`,`questItem5`,`questItem6`,`movementId`,`RegenHealth`, `mechanic_immune_mask`,`flags_extra`,`ScriptName`,`WDBVerified`) values ('44418','0','0','0','0','0','23361','0','0','0','Bile-O-Tron 800','','','0','85','85','3','35','35','0','1','1.14286','1','0','1007','1354.7','0','1571','1','0','0','1','0','0','0','0','0','0','758.1','1062.1','220','9','104','0','0','0','0','0','0','0','0','0','0','0','0','0','0','0','0','0','0','0','0','0','','0','5','1','1','1','0','0','0','0','0','0','0','0','1','0','0','mob_bile_o_tron','14480');
insert into creature_template (`entry`,`difficulty_entry_1`,`difficulty_entry_2`,`difficulty_entry_3`,`KillCredit1`,`KillCredit2`, `modelid1`,`modelid2`,`modelid3`,`modelid4`,`name`,`subname`,`IconName`,`gossip_menu_id`,`minlevel`,`maxlevel`,`exp`,`faction_A`, `faction_H`,`npcflag`,`speed_walk`,`speed_run`,`scale`,`rank`,`mindmg`,`maxdmg`,`dmgschool`,`attackpower`,`dmg_multiplier`, `baseattacktime`,`rangeattacktime`,`unit_class`,`unit_flags`,`dynamicflags`,`family`,`trainer_type`,`trainer_class`, `trainer_race`,`minrangedmg`,`maxrangedmg`,`rangedattackpower`,`type`,`type_flags`,`lootid`,`pickpocketloot`,`skinloot`,`resistance1`, `resistance2`,`resistance3`,`resistance4`,`resistance5`,`resistance6`,`spell1`,`spell2`,`spell3`,`spell4`,`spell5`,`spell6`,`spell7`, `spell8`,`PetSpellDataId`,`VehicleId`,`mingold`,`maxgold`,`AIName`,`MovementType`,`InhabitType`,`Health_mod`,`Mana_mod`,`Armor_mod`, `RacialLeader`,`questItem1`,`questItem2`,`questItem3`,`questItem4`,`questItem5`,`questItem6`,`movementId`,`RegenHealth`, `mechanic_immune_mask`,`flags_extra`,`ScriptName`,`WDBVerified`) values ('46083','49515','0','0','0','0','29539','0','0','0','Drakeadon Mongrel','','','0','85','85','3','16','16','0','1','1.14286','1','1','1007','1354.7','0','1571','7.5','2000','0','1','0','0','0','0','0','0','758.1','1062.1','220','2','72','46083','0','0','0','0','0','0','0','0','0','0','0','0','0','0','0','0','0','0','15','33','SmartAI','0','1','35','10','1','0','0','0','0','0','0','0','124','1','0','0','','1');
insert into creature_template (`entry`,`difficulty_entry_1`,`difficulty_entry_2`,`difficulty_entry_3`,`KillCredit1`,`KillCredit2`, `modelid1`,`modelid2`,`modelid3`,`modelid4`,`name`,`subname`,`IconName`,`gossip_menu_id`,`minlevel`,`maxlevel`,`exp`,`faction_A`, `faction_H`,`npcflag`,`speed_walk`,`speed_run`,`scale`,`rank`,`mindmg`,`maxdmg`,`dmgschool`,`attackpower`,`dmg_multiplier`, `baseattacktime`,`rangeattacktime`,`unit_class`,`unit_flags`,`dynamicflags`,`family`,`trainer_type`,`trainer_class`, `trainer_race`,`minrangedmg`,`maxrangedmg`,`rangedattackpower`,`type`,`type_flags`,`lootid`,`pickpocketloot`,`skinloot`,`resistance1`, `resistance2`,`resistance3`,`resistance4`,`resistance5`,`resistance6`,`spell1`,`spell2`,`spell3`,`spell4`,`spell5`,`spell6`,`spell7`, `spell8`,`PetSpellDataId`,`VehicleId`,`mingold`,`maxgold`,`AIName`,`MovementType`,`InhabitType`,`Health_mod`,`Mana_mod`,`Armor_mod`, `RacialLeader`,`questItem1`,`questItem2`,`questItem3`,`questItem4`,`questItem5`,`questItem6`,`movementId`,`RegenHealth`, `mechanic_immune_mask`,`flags_extra`,`ScriptName`,`WDBVerified`) values ('47774','0','0','0','0','0','33308','0','0','0','Chimaeron (1)','','','0','87','87','3','16','16','0','1','1.14286','1','3','1111.5','1430.7','0','1613','70','0','0','1','0','0','0','0','0','0','989.9','1174.2','225','1','108','47774','0','0','0','0','0','0','0','0','0','0','0','0','0','0','0','0','0','0','0','0','','0','3','1092','1','1','0','0','0','0','0','0','0','194','1','2145370111','1','','14480');
insert into creature_template (`entry`,`difficulty_entry_1`,`difficulty_entry_2`,`difficulty_entry_3`,`KillCredit1`,`KillCredit2`, `modelid1`,`modelid2`,`modelid3`,`modelid4`,`name`,`subname`,`IconName`,`gossip_menu_id`,`minlevel`,`maxlevel`,`exp`,`faction_A`, `faction_H`,`npcflag`,`speed_walk`,`speed_run`,`scale`,`rank`,`mindmg`,`maxdmg`,`dmgschool`,`attackpower`,`dmg_multiplier`, `baseattacktime`,`rangeattacktime`,`unit_class`,`unit_flags`,`dynamicflags`,`family`,`trainer_type`,`trainer_class`, `trainer_race`,`minrangedmg`,`maxrangedmg`,`rangedattackpower`,`type`,`type_flags`,`lootid`,`pickpocketloot`,`skinloot`,`resistance1`, `resistance2`,`resistance3`,`resistance4`,`resistance5`,`resistance6`,`spell1`,`spell2`,`spell3`,`spell4`,`spell5`,`spell6`,`spell7`, `spell8`,`PetSpellDataId`,`VehicleId`,`mingold`,`maxgold`,`AIName`,`MovementType`,`InhabitType`,`Health_mod`,`Mana_mod`,`Armor_mod`, `RacialLeader`,`questItem1`,`questItem2`,`questItem3`,`questItem4`,`questItem5`,`questItem6`,`movementId`,`RegenHealth`, `mechanic_immune_mask`,`flags_extra`,`ScriptName`,`WDBVerified`) values ('49047','0','0','0','0','0','32688','0','0','0','Electron (1)','','','0','88','88','3','16','16','0','1','1.14286','1','1','1225','1544','0','1651','15','0','0','1','0','0','0','0','0','0','1161','1328','225','9','76','49047','0','0','0','0','0','0','0','0','0','0','0','0','0','0','0','0','0','0','1600','1800','','0','3','924','1','1','0','0','0','0','0','0','0','144','1','613097436','1','','14480');
insert into creature_template (`entry`,`difficulty_entry_1`,`difficulty_entry_2`,`difficulty_entry_3`,`KillCredit1`,`KillCredit2`, `modelid1`,`modelid2`,`modelid3`,`modelid4`,`name`,`subname`,`IconName`,`gossip_menu_id`,`minlevel`,`maxlevel`,`exp`,`faction_A`, `faction_H`,`npcflag`,`speed_walk`,`speed_run`,`scale`,`rank`,`mindmg`,`maxdmg`,`dmgschool`,`attackpower`,`dmg_multiplier`, `baseattacktime`,`rangeattacktime`,`unit_class`,`unit_flags`,`dynamicflags`,`family`,`trainer_type`,`trainer_class`, `trainer_race`,`minrangedmg`,`maxrangedmg`,`rangedattackpower`,`type`,`type_flags`,`lootid`,`pickpocketloot`,`skinloot`,`resistance1`, `resistance2`,`resistance3`,`resistance4`,`resistance5`,`resistance6`,`spell1`,`spell2`,`spell3`,`spell4`,`spell5`,`spell6`,`spell7`, `spell8`,`PetSpellDataId`,`VehicleId`,`mingold`,`maxgold`,`AIName`,`MovementType`,`InhabitType`,`Health_mod`,`Mana_mod`,`Armor_mod`, `RacialLeader`,`questItem1`,`questItem2`,`questItem3`,`questItem4`,`questItem5`,`questItem6`,`movementId`,`RegenHealth`, `mechanic_immune_mask`,`flags_extra`,`ScriptName`,`WDBVerified`) values ('49050','0','0','0','0','0','32684','0','0','0','Toxitron (1)','','','0','88','88','3','16','16','0','1','1.14286','1','1','1225','1544','0','1651','15','0','0','1','0','0','0','0','0','0','1161','1328','225','9','76','49047','0','0','0','0','0','0','0','0','0','0','0','0','0','0','0','0','0','0','1600','1800','','0','3','924','1','1','0','0','0','0','0','0','0','144','1','613097436','1','','1');
insert into creature_template (`entry`,`difficulty_entry_1`,`difficulty_entry_2`,`difficulty_entry_3`,`KillCredit1`,`KillCredit2`, `modelid1`,`modelid2`,`modelid3`,`modelid4`,`name`,`subname`,`IconName`,`gossip_menu_id`,`minlevel`,`maxlevel`,`exp`,`faction_A`, `faction_H`,`npcflag`,`speed_walk`,`speed_run`,`scale`,`rank`,`mindmg`,`maxdmg`,`dmgschool`,`attackpower`,`dmg_multiplier`, `baseattacktime`,`rangeattacktime`,`unit_class`,`unit_flags`,`dynamicflags`,`family`,`trainer_type`,`trainer_class`, `trainer_race`,`minrangedmg`,`maxrangedmg`,`rangedattackpower`,`type`,`type_flags`,`lootid`,`pickpocketloot`,`skinloot`,`resistance1`, `resistance2`,`resistance3`,`resistance4`,`resistance5`,`resistance6`,`spell1`,`spell2`,`spell3`,`spell4`,`spell5`,`spell6`,`spell7`, `spell8`,`PetSpellDataId`,`VehicleId`,`mingold`,`maxgold`,`AIName`,`MovementType`,`InhabitType`,`Health_mod`,`Mana_mod`,`Armor_mod`, `RacialLeader`,`questItem1`,`questItem2`,`questItem3`,`questItem4`,`questItem5`,`questItem6`,`movementId`,`RegenHealth`, `mechanic_immune_mask`,`flags_extra`,`ScriptName`,`WDBVerified`) values ('49053','0','0','0','0','0','32685','0','0','0','Magmatron (1)','','','0','88','88','3','16','16','0','1','1.14286','1','1','1225','1544','0','1651','15','0','0','1','0','0','0','0','0','0','1161','1328','225','9','76','49047','0','0','0','0','0','0','0','0','0','0','0','0','0','0','0','0','0','0','1600','1800','','0','3','924','1','1','0','0','0','0','0','0','0','144','1','613097436','1','','1');
insert into creature_template (`entry`,`difficulty_entry_1`,`difficulty_entry_2`,`difficulty_entry_3`,`KillCredit1`,`KillCredit2`, `modelid1`,`modelid2`,`modelid3`,`modelid4`,`name`,`subname`,`IconName`,`gossip_menu_id`,`minlevel`,`maxlevel`,`exp`,`faction_A`, `faction_H`,`npcflag`,`speed_walk`,`speed_run`,`scale`,`rank`,`mindmg`,`maxdmg`,`dmgschool`,`attackpower`,`dmg_multiplier`, `baseattacktime`,`rangeattacktime`,`unit_class`,`unit_flags`,`dynamicflags`,`family`,`trainer_type`,`trainer_class`, `trainer_race`,`minrangedmg`,`maxrangedmg`,`rangedattackpower`,`type`,`type_flags`,`lootid`,`pickpocketloot`,`skinloot`,`resistance1`, `resistance2`,`resistance3`,`resistance4`,`resistance5`,`resistance6`,`spell1`,`spell2`,`spell3`,`spell4`,`spell5`,`spell6`,`spell7`, `spell8`,`PetSpellDataId`,`VehicleId`,`mingold`,`maxgold`,`AIName`,`MovementType`,`InhabitType`,`Health_mod`,`Mana_mod`,`Armor_mod`, `RacialLeader`,`questItem1`,`questItem2`,`questItem3`,`questItem4`,`questItem5`,`questItem6`,`movementId`,`RegenHealth`, `mechanic_immune_mask`,`flags_extra`,`ScriptName`,`WDBVerified`) values ('49056','0','0','0','0','0','32687','0','0','0','Arcanotron (1)','','','0','88','88','3','16','16','0','1','1.14286','1','1','1225','1544','0','1651','15','0','0','1','0','0','0','0','0','0','1161','1328','225','9','76','49047','0','0','0','0','0','0','0','0','0','0','0','0','0','0','0','0','0','0','1600','1800','','0','3','924','1','1','0','0','0','0','0','0','0','144','1','613097436','1','','14480');
insert into creature_template (`entry`,`difficulty_entry_1`,`difficulty_entry_2`,`difficulty_entry_3`,`KillCredit1`,`KillCredit2`, `modelid1`,`modelid2`,`modelid3`,`modelid4`,`name`,`subname`,`IconName`,`gossip_menu_id`,`minlevel`,`maxlevel`,`exp`,`faction_A`, `faction_H`,`npcflag`,`speed_walk`,`speed_run`,`scale`,`rank`,`mindmg`,`maxdmg`,`dmgschool`,`attackpower`,`dmg_multiplier`, `baseattacktime`,`rangeattacktime`,`unit_class`,`unit_flags`,`dynamicflags`,`family`,`trainer_type`,`trainer_class`, `trainer_race`,`minrangedmg`,`maxrangedmg`,`rangedattackpower`,`type`,`type_flags`,`lootid`,`pickpocketloot`,`skinloot`,`resistance1`, `resistance2`,`resistance3`,`resistance4`,`resistance5`,`resistance6`,`spell1`,`spell2`,`spell3`,`spell4`,`spell5`,`spell6`,`spell7`, `spell8`,`PetSpellDataId`,`VehicleId`,`mingold`,`maxgold`,`AIName`,`MovementType`,`InhabitType`,`Health_mod`,`Mana_mod`,`Armor_mod`, `RacialLeader`,`questItem1`,`questItem2`,`questItem3`,`questItem4`,`questItem5`,`questItem6`,`movementId`,`RegenHealth`, `mechanic_immune_mask`,`flags_extra`,`ScriptName`,`WDBVerified`) values ('49491','0','0','0','0','0','33433','0','0','0','Pyrecraw (1)','','','0','85','86','3','16','16','0','1','1.14286','1','1','1035.5','1373.7','0','1594','13','0','0','1','0','0','0','0','0','0','780.9','1079.2','225','2','72','0','0','0','0','0','0','0','0','0','0','0','0','0','0','0','0','0','0','0','0','0','','0','3','220','10','1','0','0','0','0','0','0','0','115','1','613097436','0','','14480');
insert into creature_template (`entry`,`difficulty_entry_1`,`difficulty_entry_2`,`difficulty_entry_3`,`KillCredit1`,`KillCredit2`, `modelid1`,`modelid2`,`modelid3`,`modelid4`,`name`,`subname`,`IconName`,`gossip_menu_id`,`minlevel`,`maxlevel`,`exp`,`faction_A`, `faction_H`,`npcflag`,`speed_walk`,`speed_run`,`scale`,`rank`,`mindmg`,`maxdmg`,`dmgschool`,`attackpower`,`dmg_multiplier`, `baseattacktime`,`rangeattacktime`,`unit_class`,`unit_flags`,`dynamicflags`,`family`,`trainer_type`,`trainer_class`, `trainer_race`,`minrangedmg`,`maxrangedmg`,`rangedattackpower`,`type`,`type_flags`,`lootid`,`pickpocketloot`,`skinloot`,`resistance1`, `resistance2`,`resistance3`,`resistance4`,`resistance5`,`resistance6`,`spell1`,`spell2`,`spell3`,`spell4`,`spell5`,`spell6`,`spell7`, `spell8`,`PetSpellDataId`,`VehicleId`,`mingold`,`maxgold`,`AIName`,`MovementType`,`InhabitType`,`Health_mod`,`Mana_mod`,`Armor_mod`, `RacialLeader`,`questItem1`,`questItem2`,`questItem3`,`questItem4`,`questItem5`,`questItem6`,`movementId`,`RegenHealth`, `mechanic_immune_mask`,`flags_extra`,`ScriptName`,`WDBVerified`) values ('49492','0','0','0','0','0','33433','0','0','0','Ivoroc (1)','','','0','85','85','3','16','16','0','1','1.14286','1','1','1007','1354.7','0','1571','13','0','0','1','0','0','0','0','0','0','758.1','1062.1','220','2','72','0','0','0','0','0','0','0','0','0','0','0','0','0','0','0','0','0','0','0','0','0','','0','3','240','10','1','0','0','0','0','0','0','0','115','1','613097436','0','','14480');
insert into creature_template (`entry`,`difficulty_entry_1`,`difficulty_entry_2`,`difficulty_entry_3`,`KillCredit1`,`KillCredit2`, `modelid1`,`modelid2`,`modelid3`,`modelid4`,`name`,`subname`,`IconName`,`gossip_menu_id`,`minlevel`,`maxlevel`,`exp`,`faction_A`, `faction_H`,`npcflag`,`speed_walk`,`speed_run`,`scale`,`rank`,`mindmg`,`maxdmg`,`dmgschool`,`attackpower`,`dmg_multiplier`, `baseattacktime`,`rangeattacktime`,`unit_class`,`unit_flags`,`dynamicflags`,`family`,`trainer_type`,`trainer_class`, `trainer_race`,`minrangedmg`,`maxrangedmg`,`rangedattackpower`,`type`,`type_flags`,`lootid`,`pickpocketloot`,`skinloot`,`resistance1`, `resistance2`,`resistance3`,`resistance4`,`resistance5`,`resistance6`,`spell1`,`spell2`,`spell3`,`spell4`,`spell5`,`spell6`,`spell7`, `spell8`,`PetSpellDataId`,`VehicleId`,`mingold`,`maxgold`,`AIName`,`MovementType`,`InhabitType`,`Health_mod`,`Mana_mod`,`Armor_mod`, `RacialLeader`,`questItem1`,`questItem2`,`questItem3`,`questItem4`,`questItem5`,`questItem6`,`movementId`,`RegenHealth`, `mechanic_immune_mask`,`flags_extra`,`ScriptName`,`WDBVerified`) values ('49500','0','0','0','0','0','33097','0','0','0','Maimgor (1)','','','0','85','85','3','16','16','0','1','1.14286','1','1','1007','1354.7','0','1571','13','0','0','1','0','0','0','0','0','0','758.1','1062.1','220','2','72','0','0','0','0','0','0','0','0','0','0','0','0','0','0','0','0','0','0','0','0','0','','0','3','240','10','1','0','0','0','0','0','0','0','115','1','613097436','0','','14480');
insert into creature_template (`entry`,`difficulty_entry_1`,`difficulty_entry_2`,`difficulty_entry_3`,`KillCredit1`,`KillCredit2`, `modelid1`,`modelid2`,`modelid3`,`modelid4`,`name`,`subname`,`IconName`,`gossip_menu_id`,`minlevel`,`maxlevel`,`exp`,`faction_A`, `faction_H`,`npcflag`,`speed_walk`,`speed_run`,`scale`,`rank`,`mindmg`,`maxdmg`,`dmgschool`,`attackpower`,`dmg_multiplier`, `baseattacktime`,`rangeattacktime`,`unit_class`,`unit_flags`,`dynamicflags`,`family`,`trainer_type`,`trainer_class`, `trainer_race`,`minrangedmg`,`maxrangedmg`,`rangedattackpower`,`type`,`type_flags`,`lootid`,`pickpocketloot`,`skinloot`,`resistance1`, `resistance2`,`resistance3`,`resistance4`,`resistance5`,`resistance6`,`spell1`,`spell2`,`spell3`,`spell4`,`spell5`,`spell6`,`spell7`, `spell8`,`PetSpellDataId`,`VehicleId`,`mingold`,`maxgold`,`AIName`,`MovementType`,`InhabitType`,`Health_mod`,`Mana_mod`,`Armor_mod`, `RacialLeader`,`questItem1`,`questItem2`,`questItem3`,`questItem4`,`questItem5`,`questItem6`,`movementId`,`RegenHealth`, `mechanic_immune_mask`,`flags_extra`,`ScriptName`,`WDBVerified`) values ('49501','0','0','0','0','0','33073','0','0','0','Golem Sentry (1)','','','0','85','85','3','16','16','0','1','1.14286','1','1','1007','1354.7','0','1571','13','0','0','1','0','0','0','0','0','0','758.1','1062.1','220','9','72','0','0','0','0','0','0','0','0','0','0','0','0','0','0','0','0','0','0','0','0','0','','0','3','200','10','1','0','0','0','0','0','0','0','115','1','613097436','0','','14480');
insert into creature_template (`entry`,`difficulty_entry_1`,`difficulty_entry_2`,`difficulty_entry_3`,`KillCredit1`,`KillCredit2`, `modelid1`,`modelid2`,`modelid3`,`modelid4`,`name`,`subname`,`IconName`,`gossip_menu_id`,`minlevel`,`maxlevel`,`exp`,`faction_A`, `faction_H`,`npcflag`,`speed_walk`,`speed_run`,`scale`,`rank`,`mindmg`,`maxdmg`,`dmgschool`,`attackpower`,`dmg_multiplier`, `baseattacktime`,`rangeattacktime`,`unit_class`,`unit_flags`,`dynamicflags`,`family`,`trainer_type`,`trainer_class`, `trainer_race`,`minrangedmg`,`maxrangedmg`,`rangedattackpower`,`type`,`type_flags`,`lootid`,`pickpocketloot`,`skinloot`,`resistance1`, `resistance2`,`resistance3`,`resistance4`,`resistance5`,`resistance6`,`spell1`,`spell2`,`spell3`,`spell4`,`spell5`,`spell6`,`spell7`, `spell8`,`PetSpellDataId`,`VehicleId`,`mingold`,`maxgold`,`AIName`,`MovementType`,`InhabitType`,`Health_mod`,`Mana_mod`,`Armor_mod`, `RacialLeader`,`questItem1`,`questItem2`,`questItem3`,`questItem4`,`questItem5`,`questItem6`,`movementId`,`RegenHealth`, `mechanic_immune_mask`,`flags_extra`,`ScriptName`,`WDBVerified`) values ('49502','0','0','0','0','0','14308','0','0','0','Drakonid Slayer (1)','','','0','85','86','3','16','16','0','1','1.14286','1','1','1035.5','1373.7','0','1594','13','0','0','1','0','0','0','0','0','0','780.9','1079.2','225','2','72','0','0','0','0','0','0','0','0','0','0','0','0','0','0','0','0','0','0','0','0','0','','0','3','200','10','1','0','0','0','0','0','0','0','115','1','613097436','0','','14480');
insert into creature_template (`entry`,`difficulty_entry_1`,`difficulty_entry_2`,`difficulty_entry_3`,`KillCredit1`,`KillCredit2`, `modelid1`,`modelid2`,`modelid3`,`modelid4`,`name`,`subname`,`IconName`,`gossip_menu_id`,`minlevel`,`maxlevel`,`exp`,`faction_A`, `faction_H`,`npcflag`,`speed_walk`,`speed_run`,`scale`,`rank`,`mindmg`,`maxdmg`,`dmgschool`,`attackpower`,`dmg_multiplier`, `baseattacktime`,`rangeattacktime`,`unit_class`,`unit_flags`,`dynamicflags`,`family`,`trainer_type`,`trainer_class`, `trainer_race`,`minrangedmg`,`maxrangedmg`,`rangedattackpower`,`type`,`type_flags`,`lootid`,`pickpocketloot`,`skinloot`,`resistance1`, `resistance2`,`resistance3`,`resistance4`,`resistance5`,`resistance6`,`spell1`,`spell2`,`spell3`,`spell4`,`spell5`,`spell6`,`spell7`, `spell8`,`PetSpellDataId`,`VehicleId`,`mingold`,`maxgold`,`AIName`,`MovementType`,`InhabitType`,`Health_mod`,`Mana_mod`,`Armor_mod`, `RacialLeader`,`questItem1`,`questItem2`,`questItem3`,`questItem4`,`questItem5`,`questItem6`,`movementId`,`RegenHealth`, `mechanic_immune_mask`,`flags_extra`,`ScriptName`,`WDBVerified`) values ('49508','0','0','0','0','0','36441','0','0','0','Spirit of Thaurissan (1)','','','0','85','85','3','16','16','0','1','1.14286','1','1','619.2','835.2','0','976','13','0','0','2','0','0','0','0','0','0','466.8','654','156','6','72','0','0','0','0','0','0','0','0','0','0','0','0','0','0','0','0','0','0','0','3220','6046','','0','3','90','10','1','0','0','0','0','0','0','0','115','1','613097436','0','','14480');
insert into creature_template (`entry`,`difficulty_entry_1`,`difficulty_entry_2`,`difficulty_entry_3`,`KillCredit1`,`KillCredit2`, `modelid1`,`modelid2`,`modelid3`,`modelid4`,`name`,`subname`,`IconName`,`gossip_menu_id`,`minlevel`,`maxlevel`,`exp`,`faction_A`, `faction_H`,`npcflag`,`speed_walk`,`speed_run`,`scale`,`rank`,`mindmg`,`maxdmg`,`dmgschool`,`attackpower`,`dmg_multiplier`, `baseattacktime`,`rangeattacktime`,`unit_class`,`unit_flags`,`dynamicflags`,`family`,`trainer_type`,`trainer_class`, `trainer_race`,`minrangedmg`,`maxrangedmg`,`rangedattackpower`,`type`,`type_flags`,`lootid`,`pickpocketloot`,`skinloot`,`resistance1`, `resistance2`,`resistance3`,`resistance4`,`resistance5`,`resistance6`,`spell1`,`spell2`,`spell3`,`spell4`,`spell5`,`spell6`,`spell7`, `spell8`,`PetSpellDataId`,`VehicleId`,`mingold`,`maxgold`,`AIName`,`MovementType`,`InhabitType`,`Health_mod`,`Mana_mod`,`Armor_mod`, `RacialLeader`,`questItem1`,`questItem2`,`questItem3`,`questItem4`,`questItem5`,`questItem6`,`movementId`,`RegenHealth`, `mechanic_immune_mask`,`flags_extra`,`ScriptName`,`WDBVerified`) values ('49515','0','0','0','0','0','29539','0','0','0','Drakeadon Mongrel (1)','','','0','85','85','3','16','16','0','1','1.14286','1','1','1007','1354.7','0','1571','13','0','0','1','0','0','0','0','0','0','758.1','1062.1','220','2','72','0','0','0','0','0','0','0','0','0','0','0','0','0','0','0','0','0','0','0','0','0','','0','3','180','10','1','0','0','0','0','0','0','0','124','1','613097436','0','','14480');
insert into creature_template (`entry`,`difficulty_entry_1`,`difficulty_entry_2`,`difficulty_entry_3`,`KillCredit1`,`KillCredit2`, `modelid1`,`modelid2`,`modelid3`,`modelid4`,`name`,`subname`,`IconName`,`gossip_menu_id`,`minlevel`,`maxlevel`,`exp`,`faction_A`, `faction_H`,`npcflag`,`speed_walk`,`speed_run`,`scale`,`rank`,`mindmg`,`maxdmg`,`dmgschool`,`attackpower`,`dmg_multiplier`, `baseattacktime`,`rangeattacktime`,`unit_class`,`unit_flags`,`dynamicflags`,`family`,`trainer_type`,`trainer_class`, `trainer_race`,`minrangedmg`,`maxrangedmg`,`rangedattackpower`,`type`,`type_flags`,`lootid`,`pickpocketloot`,`skinloot`,`resistance1`, `resistance2`,`resistance3`,`resistance4`,`resistance5`,`resistance6`,`spell1`,`spell2`,`spell3`,`spell4`,`spell5`,`spell6`,`spell7`, `spell8`,`PetSpellDataId`,`VehicleId`,`mingold`,`maxgold`,`AIName`,`MovementType`,`InhabitType`,`Health_mod`,`Mana_mod`,`Armor_mod`, `RacialLeader`,`questItem1`,`questItem2`,`questItem3`,`questItem4`,`questItem5`,`questItem6`,`movementId`,`RegenHealth`, `mechanic_immune_mask`,`flags_extra`,`ScriptName`,`WDBVerified`) values ('49740','0','0','0','0','0','18038','0','0','0','Obnoxious Fiend','','','0','85','85','3','14','14','0','1','1.14286','1','1','1007','1354.7','0','1571','7.5','0','0','1','0','0','0','0','0','0','758.1','1062.1','220','3','72','0','0','0','0','0','0','0','0','0','0','0','0','0','0','0','0','0','0','0','0','0','SmartAI','1','3','2','1','1','0','0','0','0','0','0','0','152','1','613097436','0','','14480');
insert into creature_template (`entry`,`difficulty_entry_1`,`difficulty_entry_2`,`difficulty_entry_3`,`KillCredit1`,`KillCredit2`, `modelid1`,`modelid2`,`modelid3`,`modelid4`,`name`,`subname`,`IconName`,`gossip_menu_id`,`minlevel`,`maxlevel`,`exp`,`faction_A`, `faction_H`,`npcflag`,`speed_walk`,`speed_run`,`scale`,`rank`,`mindmg`,`maxdmg`,`dmgschool`,`attackpower`,`dmg_multiplier`, `baseattacktime`,`rangeattacktime`,`unit_class`,`unit_flags`,`dynamicflags`,`family`,`trainer_type`,`trainer_class`, `trainer_race`,`minrangedmg`,`maxrangedmg`,`rangedattackpower`,`type`,`type_flags`,`lootid`,`pickpocketloot`,`skinloot`,`resistance1`, `resistance2`,`resistance3`,`resistance4`,`resistance5`,`resistance6`,`spell1`,`spell2`,`spell3`,`spell4`,`spell5`,`spell6`,`spell7`, `spell8`,`PetSpellDataId`,`VehicleId`,`mingold`,`maxgold`,`AIName`,`MovementType`,`InhabitType`,`Health_mod`,`Mana_mod`,`Armor_mod`, `RacialLeader`,`questItem1`,`questItem2`,`questItem3`,`questItem4`,`questItem5`,`questItem6`,`movementId`,`RegenHealth`, `mechanic_immune_mask`,`flags_extra`,`ScriptName`,`WDBVerified`) values ('49974','0','0','0','0','0','33186','0','0','0','Maloriak (1)','','','0','88','88','3','16','16','0','1','1.14286','1','1','1225.5','1544.7','0','1651','13','0','0','1','0','0','0','0','0','0','1160.9','1328.1','225','2','108','49974','0','0','0','0','0','0','0','0','0','0','0','0','0','0','0','0','0','0','1821302','2712410','','0','3','1008','500','1','0','0','0','0','0','0','0','169','1','613097436','1','','14480');
insert into creature_template (`entry`,`difficulty_entry_1`,`difficulty_entry_2`,`difficulty_entry_3`,`KillCredit1`,`KillCredit2`, `modelid1`,`modelid2`,`modelid3`,`modelid4`,`name`,`subname`,`IconName`,`gossip_menu_id`,`minlevel`,`maxlevel`,`exp`,`faction_A`, `faction_H`,`npcflag`,`speed_walk`,`speed_run`,`scale`,`rank`,`mindmg`,`maxdmg`,`dmgschool`,`attackpower`,`dmg_multiplier`, `baseattacktime`,`rangeattacktime`,`unit_class`,`unit_flags`,`dynamicflags`,`family`,`trainer_type`,`trainer_class`, `trainer_race`,`minrangedmg`,`maxrangedmg`,`rangedattackpower`,`type`,`type_flags`,`lootid`,`pickpocketloot`,`skinloot`,`resistance1`, `resistance2`,`resistance3`,`resistance4`,`resistance5`,`resistance6`,`spell1`,`spell2`,`spell3`,`spell4`,`spell5`,`spell6`,`spell7`, `spell8`,`PetSpellDataId`,`VehicleId`,`mingold`,`maxgold`,`AIName`,`MovementType`,`InhabitType`,`Health_mod`,`Mana_mod`,`Armor_mod`, `RacialLeader`,`questItem1`,`questItem2`,`questItem3`,`questItem4`,`questItem5`,`questItem6`,`movementId`,`RegenHealth`, `mechanic_immune_mask`,`flags_extra`,`ScriptName`,`WDBVerified`) values ('51101','0','0','0','0','0','32679','0','0','0','Magmaw (1)','','vehichleCursor','0','88','88','3','16','16','0','1','1.14286','1','3','1225.5','1544.7','0','1651','70','0','0','1','0','0','0','0','0','0','1160.9','1328.1','225','10','262252','51101','0','0','0','0','0','0','0','0','0','0','0','0','0','0','0','0','0','0','2535439','3935439','','0','3','944','1','1','0','0','0','0','0','0','0','152','1','613097436','1','','14480');
insert into creature_template (`entry`,`difficulty_entry_1`,`difficulty_entry_2`,`difficulty_entry_3`,`KillCredit1`,`KillCredit2`, `modelid1`,`modelid2`,`modelid3`,`modelid4`,`name`,`subname`,`IconName`,`gossip_menu_id`,`minlevel`,`maxlevel`,`exp`,`faction_A`, `faction_H`,`npcflag`,`speed_walk`,`speed_run`,`scale`,`rank`,`mindmg`,`maxdmg`,`dmgschool`,`attackpower`,`dmg_multiplier`, `baseattacktime`,`rangeattacktime`,`unit_class`,`unit_flags`,`dynamicflags`,`family`,`trainer_type`,`trainer_class`, `trainer_race`,`minrangedmg`,`maxrangedmg`,`rangedattackpower`,`type`,`type_flags`,`lootid`,`pickpocketloot`,`skinloot`,`resistance1`, `resistance2`,`resistance3`,`resistance4`,`resistance5`,`resistance6`,`spell1`,`spell2`,`spell3`,`spell4`,`spell5`,`spell6`,`spell7`, `spell8`,`PetSpellDataId`,`VehicleId`,`mingold`,`maxgold`,`AIName`,`MovementType`,`InhabitType`,`Health_mod`,`Mana_mod`,`Armor_mod`, `RacialLeader`,`questItem1`,`questItem2`,`questItem3`,`questItem4`,`questItem5`,`questItem6`,`movementId`,`RegenHealth`, `mechanic_immune_mask`,`flags_extra`,`ScriptName`,`WDBVerified`) values ('120000','0','0','0','0','0','11686','0','0','0','Omnotron (1)','','','0','1','1','0','16','16','0','1','1.14286','1','0','3.8','3.8','0','46','1','0','0','0','33554948','0','0','0','0','0','1.9','1.9','0','10','1024','0','0','0','0','0','0','0','0','0','0','0','0','0','0','0','0','0','0','0','0','0','','0','3','3080','1','1','0','0','0','0','0','0','0','94','0','0','0','','1');


/* -----------------------GAMEOBJECT------------------------------------*/

insert into gameobject (`id`,`map`,`spawnMask`,`phaseMask`,`position_x`,`position_y`, `position_z`,`orientation`,`rotation0`,`rotation1`,`rotation2`,`rotation3`,`spawntimesecs`, `animprogress`,`state`) values ('402368','669','15','1','53.6708','-224.593','94.5037','3.13035','0','0','0.999629','0.0272188','300','0','1');
insert into gameobject (`id`,`map`,`spawnMask`,`phaseMask`,`position_x`,`position_y`, `position_z`,`orientation`,`rotation0`,`rotation1`,`rotation2`,`rotation3`,`spawntimesecs`, `animprogress`,`state`) values ('203306','669','15','1','-105.803','-485.729','73.4583','3.08822','0','0','0.999644','0.0266813','300','0','1');
insert into gameobject (`id`,`map`,`spawnMask`,`phaseMask`,`position_x`,`position_y`, `position_z`,`orientation`,`rotation0`,`rotation1`,`rotation2`,`rotation3`,`spawntimesecs`, `animprogress`,`state`) values ('207207','669','15','1','-216.284','-230.442','76.7233','1.54884','0','0','0.699302','0.714826','3600','0','1');
insert into gameobject (`id`,`map`,`spawnMask`,`phaseMask`,`position_x`,`position_y`, `position_z`,`orientation`,`rotation0`,`rotation1`,`rotation2`,`rotation3`,`spawntimesecs`, `animprogress`,`state`) values ('207207','669','15','1','-216.251','-218.603','76.646','4.69326','0','0','0.713839','-0.70031','3600','0','1');
insert into gameobject (`id`,`map`,`spawnMask`,`phaseMask`,`position_x`,`position_y`, `position_z`,`orientation`,`rotation0`,`rotation1`,`rotation2`,`rotation3`,`spawntimesecs`, `animprogress`,`state`) values ('204929','669','15','1','-115.558','45.1754','71','3.05438','0','0','0.999049','0.0435902','300','0','1');
insert into gameobject (`id`,`map`,`spawnMask`,`phaseMask`,`position_x`,`position_y`, `position_z`,`orientation`,`rotation0`,`rotation1`,`rotation2`,`rotation3`,`spawntimesecs`, `animprogress`,`state`) values ('402092','669','15','1','-270.2','-224.415','190.316','3.1307','0','0','0.999985','0.00544851','300','0','1');
insert into gameobject (`id`,`map`,`spawnMask`,`phaseMask`,`position_x`,`position_y`, `position_z`,`orientation`,`rotation0`,`rotation1`,`rotation2`,`rotation3`,`spawntimesecs`, `animprogress`,`state`) values ('207834','669','15','1','-109.87','-223.157','11.5354','1.79425','0','0','0.781537','0.623858','300','1','1');
insert into gameobject (`id`,`map`,`spawnMask`,`phaseMask`,`position_x`,`position_y`, `position_z`,`orientation`,`rotation0`,`rotation1`,`rotation2`,`rotation3`,`spawntimesecs`, `animprogress`,`state`) values ('203716','669','15','1','-240.129','-224.877','186.621','0.00453316','0','0','0.00226658','0.999997','300','0','1');


/* -----------------------GAMEOBJECT_TEMPLATE------------------------------------*/

insert into gameobject_template (`entry`,`type`,`displayId`,`name`,`IconName`,`castBarCaption`,`unk1`,`faction`, `flags`,`size`,`questItem1`,`questItem2`,`questItem3`,`questItem4`,`questItem5`,`questItem6`,`data0`,`data1`,`data2`,`data3`, `data4`,`data5`,`data6`,`data7`,`data8`,`data9`,`data10`,`data11`,`data12`,`data13`,`data14`,`data15`,`data16`,`data17`,`data18`, `data19`,`data20`,`data21`,`data22`,`data23`,`data24`,`data25`,`data26`,`data27`,`data28`,`data29`,`data30`,`data31`,`AIName`, `ScriptName`,`WDBVerified`) values ('203306','10','9554','Doodad_BlackrockV2_LabRoom_Cauldron01','0','0','0','0','16','0.73','0','0','0','0','0','0','0','0','0','0','0','0','0','0','0','0','0','0','0','1','0','0','0','0','0','0','0','0','0','0','0','0','0','0','0','0','0','0','0','0','13623');
insert into gameobject_template (`entry`,`type`,`displayId`,`name`,`IconName`,`castBarCaption`,`unk1`,`faction`, `flags`,`size`,`questItem1`,`questItem2`,`questItem3`,`questItem4`,`questItem5`,`questItem6`,`data0`,`data1`,`data2`,`data3`, `data4`,`data5`,`data6`,`data7`,`data8`,`data9`,`data10`,`data11`,`data12`,`data13`,`data14`,`data15`,`data16`,`data17`,`data18`, `data19`,`data20`,`data21`,`data22`,`data23`,`data24`,`data25`,`data26`,`data27`,`data28`,`data29`,`data30`,`data31`,`AIName`, `ScriptName`,`WDBVerified`) values ('204929','0','676','Finkle\'s Cage','0','0','0','0','0','3','0','0','0','0','0','0','0','1943','0','0','0','0','0','0','0','0','0','0','0','0','0','0','0','0','0','0','0','0','0','0','0','0','0','0','0','0','0','0','0','0','1');
insert into gameobject_template (`entry`,`type`,`displayId`,`name`,`IconName`,`castBarCaption`,`unk1`,`faction`, `flags`,`size`,`questItem1`,`questItem2`,`questItem3`,`questItem4`,`questItem5`,`questItem6`,`data0`,`data1`,`data2`,`data3`, `data4`,`data5`,`data6`,`data7`,`data8`,`data9`,`data10`,`data11`,`data12`,`data13`,`data14`,`data15`,`data16`,`data17`,`data18`, `data19`,`data20`,`data21`,`data22`,`data23`,`data24`,`data25`,`data26`,`data27`,`data28`,`data29`,`data30`,`data31`,`AIName`, `ScriptName`,`WDBVerified`) values ('207207','8','474','Magical Fire','0','0','0','0','0','1','0','0','0','0','0','0','4','10','2061','0','0','0','0','0','0','0','0','0','0','0','0','0','0','0','0','0','0','0','0','0','0','0','0','0','0','0','0','0','0','0','13329');
insert into gameobject_template (`entry`,`type`,`displayId`,`name`,`IconName`,`castBarCaption`,`unk1`,`faction`, `flags`,`size`,`questItem1`,`questItem2`,`questItem3`,`questItem4`,`questItem5`,`questItem6`,`data0`,`data1`,`data2`,`data3`, `data4`,`data5`,`data6`,`data7`,`data8`,`data9`,`data10`,`data11`,`data12`,`data13`,`data14`,`data15`,`data16`,`data17`,`data18`, `data19`,`data20`,`data21`,`data22`,`data23`,`data24`,`data25`,`data26`,`data27`,`data28`,`data29`,`data30`,`data31`,`AIName`, `ScriptName`,`WDBVerified`) values ('207834','11','10363','Doodad_BlackWingV2_Elevator_Onyxia01','0','0','0','0','40','1','0','0','0','0','0','0','13333','0','0','0','0','748','0','0','0','0','0','0','0','0','0','0','0','0','0','0','0','0','0','0','0','0','0','0','0','0','0','0','0','0','13623');
insert into gameobject_template (`entry`,`type`,`displayId`,`name`,`IconName`,`castBarCaption`,`unk1`,`faction`, `flags`,`size`,`questItem1`,`questItem2`,`questItem3`,`questItem4`,`questItem5`,`questItem6`,`data0`,`data1`,`data2`,`data3`, `data4`,`data5`,`data6`,`data7`,`data8`,`data9`,`data10`,`data11`,`data12`,`data13`,`data14`,`data15`,`data16`,`data17`,`data18`, `data19`,`data20`,`data21`,`data22`,`data23`,`data24`,`data25`,`data26`,`data27`,`data28`,`data29`,`data30`,`data31`,`AIName`, `ScriptName`,`WDBVerified`) values ('402092','0','9946','BLACKROCKV2_PORTCULLIS_02','0','0','0','1375','32','1','0','0','0','1','0','0','0','0','0','0','0','0','0','0','0','0','0','0','0','0','0','0','0','0','0','0','0','0','0','0','0','0','0','0','0','0','0','0','0','0','13623');
insert into gameobject_template (`entry`,`type`,`displayId`,`name`,`IconName`,`castBarCaption`,`unk1`,`faction`, `flags`,`size`,`questItem1`,`questItem2`,`questItem3`,`questItem4`,`questItem5`,`questItem6`,`data0`,`data1`,`data2`,`data3`, `data4`,`data5`,`data6`,`data7`,`data8`,`data9`,`data10`,`data11`,`data12`,`data13`,`data14`,`data15`,`data16`,`data17`,`data18`, `data19`,`data20`,`data21`,`data22`,`data23`,`data24`,`data25`,`data26`,`data27`,`data28`,`data29`,`data30`,`data31`,`AIName`, `ScriptName`,`WDBVerified`) values ('402368','0','10463','BLACKWING_PORTCULLIS','0','0','0','1375','32','1','0','0','0','1','0','0','0','0','0','0','0','0','0','0','0','0','0','0','0','0','0','0','0','0','0','0','0','0','0','0','0','0','0','0','0','0','0','0','0','0','13623');
delete from smart_scripts where entryorguid in (42800,42166,46083,42802,42768,41570,42764,42180,41378,42649,42767,42179,41379,43126,42949,49740,44418,44202,41377,42186,42178,432960,49974,51101,49056,49053,49047,49050,120000,49491,49492,49500,49501,49502,49508,47774,49515);


/* -----------------------SMARTSCRIPT------------------------------------*/

insert into smart_scripts (`entryorguid`,`source_type`,`id`,`link`,`event_type`, `event_phase_mask`,`event_chance`,`event_flags`,`event_param1`,`event_param2`,`event_param3`, `event_param4`,`action_type`,`action_param1`,`action_param2`,`action_param3`,`action_param4`, `action_param5`,`action_param6`,`target_type`,`target_param1`,`target_param2`,`target_param3`,`target_x`,`target_y`,`target_z`,`target_o`,`comment`) values ('42649','0','0','0','0','0','100','30','8000','8000','11000','12000','11','80051','1','0','0','0','0','2','0','0','0','0','0','0','0','Drakonid Chainwielder');
insert into smart_scripts (`entryorguid`,`source_type`,`id`,`link`,`event_type`, `event_phase_mask`,`event_chance`,`event_flags`,`event_param1`,`event_param2`,`event_param3`, `event_param4`,`action_type`,`action_param1`,`action_param2`,`action_param3`,`action_param4`, `action_param5`,`action_param6`,`target_type`,`target_param1`,`target_param2`,`target_param3`,`target_x`,`target_y`,`target_z`,`target_o`,`comment`) values ('42649','0','1','0','0','0','100','30','4000','4000','10000','11000','11','79580','1','0','0','0','0','2','0','0','0','0','0','0','0','Drakonid Chainwielder');
insert into smart_scripts (`entryorguid`,`source_type`,`id`,`link`,`event_type`, `event_phase_mask`,`event_chance`,`event_flags`,`event_param1`,`event_param2`,`event_param3`, `event_param4`,`action_type`,`action_param1`,`action_param2`,`action_param3`,`action_param4`, `action_param5`,`action_param6`,`target_type`,`target_param1`,`target_param2`,`target_param3`,`target_x`,`target_y`,`target_z`,`target_o`,`comment`) values ('42649','0','2','0','0','0','100','30','1000','1000','20000','21000','11','79589','1','0','0','0','0','2','0','0','0','0','0','0','0','Drakonid Chainwielder');
insert into smart_scripts (`entryorguid`,`source_type`,`id`,`link`,`event_type`, `event_phase_mask`,`event_chance`,`event_flags`,`event_param1`,`event_param2`,`event_param3`, `event_param4`,`action_type`,`action_param1`,`action_param2`,`action_param3`,`action_param4`, `action_param5`,`action_param6`,`target_type`,`target_param1`,`target_param2`,`target_param3`,`target_x`,`target_y`,`target_z`,`target_o`,`comment`) values ('42764','0','0','0','0','0','100','30','5000','10000','20000','25000','11','79921','0','0','0','0','0','2','0','0','0','0','0','0','0','Pyrecraw');
insert into smart_scripts (`entryorguid`,`source_type`,`id`,`link`,`event_type`, `event_phase_mask`,`event_chance`,`event_flags`,`event_param1`,`event_param2`,`event_param3`, `event_param4`,`action_type`,`action_param1`,`action_param2`,`action_param3`,`action_param4`, `action_param5`,`action_param6`,`target_type`,`target_param1`,`target_param2`,`target_param3`,`target_x`,`target_y`,`target_z`,`target_o`,`comment`) values ('42764','0','1','0','0','0','100','6','2000','3000','6000','7000','11','80127','0','0','0','0','0','2','0','0','0','0','0','0','0','Pyrecraw');
insert into smart_scripts (`entryorguid`,`source_type`,`id`,`link`,`event_type`, `event_phase_mask`,`event_chance`,`event_flags`,`event_param1`,`event_param2`,`event_param3`, `event_param4`,`action_type`,`action_param1`,`action_param2`,`action_param3`,`action_param4`, `action_param5`,`action_param6`,`target_type`,`target_param1`,`target_param2`,`target_param3`,`target_x`,`target_y`,`target_z`,`target_o`,`comment`) values ('42764','0','2','0','0','0','100','24','2000','3000','6000','7000','11','91902','0','0','0','0','0','2','0','0','0','0','0','0','0','Pyrecraw');
insert into smart_scripts (`entryorguid`,`source_type`,`id`,`link`,`event_type`, `event_phase_mask`,`event_chance`,`event_flags`,`event_param1`,`event_param2`,`event_param3`, `event_param4`,`action_type`,`action_param1`,`action_param2`,`action_param3`,`action_param4`, `action_param5`,`action_param6`,`target_type`,`target_param1`,`target_param2`,`target_param3`,`target_x`,`target_y`,`target_z`,`target_o`,`comment`) values ('42767','0','0','0','0','0','100','30','6000','8000','20000','22000','11','80295','0','0','0','0','0','5','0','0','0','0','0','0','0','Ivoroc');
insert into smart_scripts (`entryorguid`,`source_type`,`id`,`link`,`event_type`, `event_phase_mask`,`event_chance`,`event_flags`,`event_param1`,`event_param2`,`event_param3`, `event_param4`,`action_type`,`action_param1`,`action_param2`,`action_param3`,`action_param4`, `action_param5`,`action_param6`,`target_type`,`target_param1`,`target_param2`,`target_param3`,`target_x`,`target_y`,`target_z`,`target_o`,`comment`) values ('42767','0','1','0','0','0','100','30','10000','15000','30000','35000','11','79921','0','0','0','0','0','2','0','0','0','0','0','0','0','Ivoroc');
insert into smart_scripts (`entryorguid`,`source_type`,`id`,`link`,`event_type`, `event_phase_mask`,`event_chance`,`event_flags`,`event_param1`,`event_param2`,`event_param3`, `event_param4`,`action_type`,`action_param1`,`action_param2`,`action_param3`,`action_param4`, `action_param5`,`action_param6`,`target_type`,`target_param1`,`target_param2`,`target_param3`,`target_x`,`target_y`,`target_z`,`target_o`,`comment`) values ('42768','0','0','0','2','0','100','30','5','10','50000','50000','11','80084','0','0','0','0','0','1','0','0','0','0','0','0','0','');
insert into smart_scripts (`entryorguid`,`source_type`,`id`,`link`,`event_type`, `event_phase_mask`,`event_chance`,`event_flags`,`event_param1`,`event_param2`,`event_param3`, `event_param4`,`action_type`,`action_param1`,`action_param2`,`action_param3`,`action_param4`, `action_param5`,`action_param6`,`target_type`,`target_param1`,`target_param2`,`target_param3`,`target_x`,`target_y`,`target_z`,`target_o`,`comment`) values ('42768','0','1','0','0','0','100','6','8000','9000','15000','16000','11','80130','0','0','0','0','0','2','0','0','0','0','0','0','0','Maimgor');
insert into smart_scripts (`entryorguid`,`source_type`,`id`,`link`,`event_type`, `event_phase_mask`,`event_chance`,`event_flags`,`event_param1`,`event_param2`,`event_param3`, `event_param4`,`action_type`,`action_param1`,`action_param2`,`action_param3`,`action_param4`, `action_param5`,`action_param6`,`target_type`,`target_param1`,`target_param2`,`target_param3`,`target_x`,`target_y`,`target_z`,`target_o`,`comment`) values ('42768','0','2','0','0','0','100','6','6000','6000','17000','18000','11','80270','0','0','0','0','0','2','0','0','0','0','0','0','0','Maimgor');
insert into smart_scripts (`entryorguid`,`source_type`,`id`,`link`,`event_type`, `event_phase_mask`,`event_chance`,`event_flags`,`event_param1`,`event_param2`,`event_param3`, `event_param4`,`action_type`,`action_param1`,`action_param2`,`action_param3`,`action_param4`, `action_param5`,`action_param6`,`target_type`,`target_param1`,`target_param2`,`target_param3`,`target_x`,`target_y`,`target_z`,`target_o`,`comment`) values ('42768','0','3','0','0','0','100','6','1000','5000','20000','25000','11','80145','0','0','0','0','0','2','0','0','0','0','0','0','0','Maimgor');
insert into smart_scripts (`entryorguid`,`source_type`,`id`,`link`,`event_type`, `event_phase_mask`,`event_chance`,`event_flags`,`event_param1`,`event_param2`,`event_param3`, `event_param4`,`action_type`,`action_param1`,`action_param2`,`action_param3`,`action_param4`, `action_param5`,`action_param6`,`target_type`,`target_param1`,`target_param2`,`target_param3`,`target_x`,`target_y`,`target_z`,`target_o`,`comment`) values ('42768','0','4','0','0','0','100','24','1000','5000','20000','25000','11','91909','0','0','0','0','0','2','0','0','0','0','0','0','0','Maimgor');
insert into smart_scripts (`entryorguid`,`source_type`,`id`,`link`,`event_type`, `event_phase_mask`,`event_chance`,`event_flags`,`event_param1`,`event_param2`,`event_param3`, `event_param4`,`action_type`,`action_param1`,`action_param2`,`action_param3`,`action_param4`, `action_param5`,`action_param6`,`target_type`,`target_param1`,`target_param2`,`target_param3`,`target_x`,`target_y`,`target_z`,`target_o`,`comment`) values ('42768','0','5','0','0','0','100','24','6000','6000','17000','18000','11','91908','0','0','0','0','0','2','0','0','0','0','0','0','0','Maimgor');
insert into smart_scripts (`entryorguid`,`source_type`,`id`,`link`,`event_type`, `event_phase_mask`,`event_chance`,`event_flags`,`event_param1`,`event_param2`,`event_param3`, `event_param4`,`action_type`,`action_param1`,`action_param2`,`action_param3`,`action_param4`, `action_param5`,`action_param6`,`target_type`,`target_param1`,`target_param2`,`target_param3`,`target_x`,`target_y`,`target_z`,`target_o`,`comment`) values ('42768','0','6','0','0','0','100','24','8000','9000','15000','16000','11','91901','0','0','0','0','0','2','0','0','0','0','0','0','0','Maimgor');
insert into smart_scripts (`entryorguid`,`source_type`,`id`,`link`,`event_type`, `event_phase_mask`,`event_chance`,`event_flags`,`event_param1`,`event_param2`,`event_param3`, `event_param4`,`action_type`,`action_param1`,`action_param2`,`action_param3`,`action_param4`, `action_param5`,`action_param6`,`target_type`,`target_param1`,`target_param2`,`target_param3`,`target_x`,`target_y`,`target_z`,`target_o`,`comment`) values ('42800','0','0','0','0','0','100','30','15000','15000','21000','24000','11','81055','1','0','0','0','0','2','0','0','0','0','0','0','0','Golem Sentry - Electrical Discharge');
insert into smart_scripts (`entryorguid`,`source_type`,`id`,`link`,`event_type`, `event_phase_mask`,`event_chance`,`event_flags`,`event_param1`,`event_param2`,`event_param3`, `event_param4`,`action_type`,`action_param1`,`action_param2`,`action_param3`,`action_param4`, `action_param5`,`action_param6`,`target_type`,`target_param1`,`target_param2`,`target_param3`,`target_x`,`target_y`,`target_z`,`target_o`,`comment`) values ('42800','0','1','0','0','0','100','30','7000','7000','13000','16000','11','81056','1','0','0','0','0','2','0','0','0','0','0','0','0','Golem Sentry - Flash Bomb');
insert into smart_scripts (`entryorguid`,`source_type`,`id`,`link`,`event_type`, `event_phase_mask`,`event_chance`,`event_flags`,`event_param1`,`event_param2`,`event_param3`, `event_param4`,`action_type`,`action_param1`,`action_param2`,`action_param3`,`action_param4`, `action_param5`,`action_param6`,`target_type`,`target_param1`,`target_param2`,`target_param3`,`target_x`,`target_y`,`target_z`,`target_o`,`comment`) values ('42800','0','2','0','0','0','100','30','12000','14000','38000','42000','11','81063','1','0','0','0','0','2','0','0','0','0','0','0','0','Golem Sentry - Laser Strike');
insert into smart_scripts (`entryorguid`,`source_type`,`id`,`link`,`event_type`, `event_phase_mask`,`event_chance`,`event_flags`,`event_param1`,`event_param2`,`event_param3`, `event_param4`,`action_type`,`action_param1`,`action_param2`,`action_param3`,`action_param4`, `action_param5`,`action_param6`,`target_type`,`target_param1`,`target_param2`,`target_param3`,`target_x`,`target_y`,`target_z`,`target_o`,`comment`) values ('42802','0','0','0','0','0','100','30','4500','4500','15000','16000','11','80391','1','0','0','0','0','1','0','0','0','0','0','0','0','Drakonid Slayer');
insert into smart_scripts (`entryorguid`,`source_type`,`id`,`link`,`event_type`, `event_phase_mask`,`event_chance`,`event_flags`,`event_param1`,`event_param2`,`event_param3`, `event_param4`,`action_type`,`action_param1`,`action_param2`,`action_param3`,`action_param4`, `action_param5`,`action_param6`,`target_type`,`target_param1`,`target_param2`,`target_param3`,`target_x`,`target_y`,`target_z`,`target_o`,`comment`) values ('42802','0','1','0','0','0','100','30','7000','7000','8000','8100','11','80392','1','0','0','0','0','2','0','0','0','0','0','0','0','Drakonid Slayer');
insert into smart_scripts (`entryorguid`,`source_type`,`id`,`link`,`event_type`, `event_phase_mask`,`event_chance`,`event_flags`,`event_param1`,`event_param2`,`event_param3`, `event_param4`,`action_type`,`action_param1`,`action_param2`,`action_param3`,`action_param4`, `action_param5`,`action_param6`,`target_type`,`target_param1`,`target_param2`,`target_param3`,`target_x`,`target_y`,`target_z`,`target_o`,`comment`) values ('42802','0','2','0','0','0','100','30','2500','2500','11000','12000','11','80390','1','0','0','0','0','2','0','0','0','0','0','0','0','Drakonid Slayer');
insert into smart_scripts (`entryorguid`,`source_type`,`id`,`link`,`event_type`, `event_phase_mask`,`event_chance`,`event_flags`,`event_param1`,`event_param2`,`event_param3`, `event_param4`,`action_type`,`action_param1`,`action_param2`,`action_param3`,`action_param4`, `action_param5`,`action_param6`,`target_type`,`target_param1`,`target_param2`,`target_param3`,`target_x`,`target_y`,`target_z`,`target_o`,`comment`) values ('43126','0','0','0','0','0','100','30','500','500','30000','30000','11','80645','0','0','0','0','0','1','0','0','0','0','0','0','0','Spirit of Thaurissan');
insert into smart_scripts (`entryorguid`,`source_type`,`id`,`link`,`event_type`, `event_phase_mask`,`event_chance`,`event_flags`,`event_param1`,`event_param2`,`event_param3`, `event_param4`,`action_type`,`action_param1`,`action_param2`,`action_param3`,`action_param4`, `action_param5`,`action_param6`,`target_type`,`target_param1`,`target_param2`,`target_param3`,`target_x`,`target_y`,`target_z`,`target_o`,`comment`) values ('43126','0','1','0','0','0','100','2','1000','1000','28000','28000','11','80718','0','0','0','0','0','2','0','0','0','0','0','0','0','Spirit of Thaurissan');
insert into smart_scripts (`entryorguid`,`source_type`,`id`,`link`,`event_type`, `event_phase_mask`,`event_chance`,`event_flags`,`event_param1`,`event_param2`,`event_param3`, `event_param4`,`action_type`,`action_param1`,`action_param2`,`action_param3`,`action_param4`, `action_param5`,`action_param6`,`target_type`,`target_param1`,`target_param2`,`target_param3`,`target_x`,`target_y`,`target_z`,`target_o`,`comment`) values ('43126','0','2','0','0','0','100','30','5000','10000','20000','25000','11','80652','0','0','0','0','0','2','0','0','0','0','0','0','0','Spirit of Thaurissan');
insert into smart_scripts (`entryorguid`,`source_type`,`id`,`link`,`event_type`, `event_phase_mask`,`event_chance`,`event_flags`,`event_param1`,`event_param2`,`event_param3`, `event_param4`,`action_type`,`action_param1`,`action_param2`,`action_param3`,`action_param4`, `action_param5`,`action_param6`,`target_type`,`target_param1`,`target_param2`,`target_param3`,`target_x`,`target_y`,`target_z`,`target_o`,`comment`) values ('43126','0','3','0','0','0','100','6','3000','3000','17000','17000','11','80648','0','0','0','0','0','2','0','0','0','0','0','0','0','Spirit of Thaurissan');
insert into smart_scripts (`entryorguid`,`source_type`,`id`,`link`,`event_type`, `event_phase_mask`,`event_chance`,`event_flags`,`event_param1`,`event_param2`,`event_param3`, `event_param4`,`action_type`,`action_param1`,`action_param2`,`action_param3`,`action_param4`, `action_param5`,`action_param6`,`target_type`,`target_param1`,`target_param2`,`target_param3`,`target_x`,`target_y`,`target_z`,`target_o`,`comment`) values ('43126','0','4','0','2','0','100','30','30','50','26000','26000','11','80655','0','0','0','0','0','1','0','0','0','0','0','0','0','Spirit of Thaurissan');
insert into smart_scripts (`entryorguid`,`source_type`,`id`,`link`,`event_type`, `event_phase_mask`,`event_chance`,`event_flags`,`event_param1`,`event_param2`,`event_param3`, `event_param4`,`action_type`,`action_param1`,`action_param2`,`action_param3`,`action_param4`, `action_param5`,`action_param6`,`target_type`,`target_param1`,`target_param2`,`target_param3`,`target_x`,`target_y`,`target_z`,`target_o`,`comment`) values ('43126','0','5','0','0','0','100','30','30000','50000','70000','90000','11','80727','0','0','0','0','0','5','0','0','0','0','0','0','0','Spirit of Thaurissan');
insert into smart_scripts (`entryorguid`,`source_type`,`id`,`link`,`event_type`, `event_phase_mask`,`event_chance`,`event_flags`,`event_param1`,`event_param2`,`event_param3`, `event_param4`,`action_type`,`action_param1`,`action_param2`,`action_param3`,`action_param4`, `action_param5`,`action_param6`,`target_type`,`target_param1`,`target_param2`,`target_param3`,`target_x`,`target_y`,`target_z`,`target_o`,`comment`) values ('43126','0','6','0','0','0','100','6','7000','7000','14000','14000','11','80649','0','0','0','0','0','2','0','0','0','0','0','0','0','Spirit of Thaurissan');
insert into smart_scripts (`entryorguid`,`source_type`,`id`,`link`,`event_type`, `event_phase_mask`,`event_chance`,`event_flags`,`event_param1`,`event_param2`,`event_param3`, `event_param4`,`action_type`,`action_param1`,`action_param2`,`action_param3`,`action_param4`, `action_param5`,`action_param6`,`target_type`,`target_param1`,`target_param2`,`target_param3`,`target_x`,`target_y`,`target_z`,`target_o`,`comment`) values ('43126','0','7','0','0','0','100','6','4000','4500','13000','13500','11','80646','0','0','0','0','0','5','0','0','0','0','0','0','0','Spirit of Thaurissan');
insert into smart_scripts (`entryorguid`,`source_type`,`id`,`link`,`event_type`, `event_phase_mask`,`event_chance`,`event_flags`,`event_param1`,`event_param2`,`event_param3`, `event_param4`,`action_type`,`action_param1`,`action_param2`,`action_param3`,`action_param4`, `action_param5`,`action_param6`,`target_type`,`target_param1`,`target_param2`,`target_param3`,`target_x`,`target_y`,`target_z`,`target_o`,`comment`) values ('43126','0','8','0','2','0','100','6','5','10','31000','32000','11','80747','0','0','0','0','0','1','0','0','0','0','0','0','0','Spirit of Thaurissan');
insert into smart_scripts (`entryorguid`,`source_type`,`id`,`link`,`event_type`, `event_phase_mask`,`event_chance`,`event_flags`,`event_param1`,`event_param2`,`event_param3`, `event_param4`,`action_type`,`action_param1`,`action_param2`,`action_param3`,`action_param4`, `action_param5`,`action_param6`,`target_type`,`target_param1`,`target_param2`,`target_param3`,`target_x`,`target_y`,`target_z`,`target_o`,`comment`) values ('43126','0','9','0','0','0','100','24','3000','3000','17000','17000','11','91890','0','0','0','0','0','2','0','0','0','0','0','0','0','Spirit of Thaurissan');
insert into smart_scripts (`entryorguid`,`source_type`,`id`,`link`,`event_type`, `event_phase_mask`,`event_chance`,`event_flags`,`event_param1`,`event_param2`,`event_param3`, `event_param4`,`action_type`,`action_param1`,`action_param2`,`action_param3`,`action_param4`, `action_param5`,`action_param6`,`target_type`,`target_param1`,`target_param2`,`target_param3`,`target_x`,`target_y`,`target_z`,`target_o`,`comment`) values ('43126','0','10','0','0','0','100','24','4000','4500','13000','13500','11','91891','0','0','0','0','0','5','0','0','0','0','0','0','0','Spirit of Thaurissan');
insert into smart_scripts (`entryorguid`,`source_type`,`id`,`link`,`event_type`, `event_phase_mask`,`event_chance`,`event_flags`,`event_param1`,`event_param2`,`event_param3`, `event_param4`,`action_type`,`action_param1`,`action_param2`,`action_param3`,`action_param4`, `action_param5`,`action_param6`,`target_type`,`target_param1`,`target_param2`,`target_param3`,`target_x`,`target_y`,`target_z`,`target_o`,`comment`) values ('43126','0','11','0','2','0','100','24','5','10','31000','32000','11','95537','0','0','0','0','0','1','0','0','0','0','0','0','0','Spirit of Thaurissan');
insert into smart_scripts (`entryorguid`,`source_type`,`id`,`link`,`event_type`, `event_phase_mask`,`event_chance`,`event_flags`,`event_param1`,`event_param2`,`event_param3`, `event_param4`,`action_type`,`action_param1`,`action_param2`,`action_param3`,`action_param4`, `action_param5`,`action_param6`,`target_type`,`target_param1`,`target_param2`,`target_param3`,`target_x`,`target_y`,`target_z`,`target_o`,`comment`) values ('43126','0','12','0','4','0','100','30','0','0','0','0','11','80871','0','0','0','0','0','1','0','0','0','0','0','0','0','Spirit of Thaurissan');
insert into smart_scripts (`entryorguid`,`source_type`,`id`,`link`,`event_type`, `event_phase_mask`,`event_chance`,`event_flags`,`event_param1`,`event_param2`,`event_param3`, `event_param4`,`action_type`,`action_param1`,`action_param2`,`action_param3`,`action_param4`, `action_param5`,`action_param6`,`target_type`,`target_param1`,`target_param2`,`target_param3`,`target_x`,`target_y`,`target_z`,`target_o`,`comment`) values ('43126','0','13','0','4','0','35','30','0','0','0','0','11','80762','0','0','0','0','0','1','0','0','0','0','0','0','0','Spirit of Thaurissan');
insert into smart_scripts (`entryorguid`,`source_type`,`id`,`link`,`event_type`, `event_phase_mask`,`event_chance`,`event_flags`,`event_param1`,`event_param2`,`event_param3`, `event_param4`,`action_type`,`action_param1`,`action_param2`,`action_param3`,`action_param4`, `action_param5`,`action_param6`,`target_type`,`target_param1`,`target_param2`,`target_param3`,`target_x`,`target_y`,`target_z`,`target_o`,`comment`) values ('43126','0','14','0','4','0','35','30','0','0','0','0','11','80770','0','0','0','0','0','1','0','0','0','0','0','0','0','Spirit of Thaurissan');
insert into smart_scripts (`entryorguid`,`source_type`,`id`,`link`,`event_type`, `event_phase_mask`,`event_chance`,`event_flags`,`event_param1`,`event_param2`,`event_param3`, `event_param4`,`action_type`,`action_param1`,`action_param2`,`action_param3`,`action_param4`, `action_param5`,`action_param6`,`target_type`,`target_param1`,`target_param2`,`target_param3`,`target_x`,`target_y`,`target_z`,`target_o`,`comment`) values ('43126','0','15','0','4','0','35','30','0','0','0','0','11','80766','0','0','0','0','0','1','0','0','0','0','0','0','0','Spirit of Thaurissan');
insert into smart_scripts (`entryorguid`,`source_type`,`id`,`link`,`event_type`, `event_phase_mask`,`event_chance`,`event_flags`,`event_param1`,`event_param2`,`event_param3`, `event_param4`,`action_type`,`action_param1`,`action_param2`,`action_param3`,`action_param4`, `action_param5`,`action_param6`,`target_type`,`target_param1`,`target_param2`,`target_param3`,`target_x`,`target_y`,`target_z`,`target_o`,`comment`) values ('46083','0','0','0','0','0','100','30','7000','9000','16000','18000','11','80329','0','0','0','0','0','0','0','0','0','0','0','0','0','Drakeadon Mongrel');
insert into smart_scripts (`entryorguid`,`source_type`,`id`,`link`,`event_type`, `event_phase_mask`,`event_chance`,`event_flags`,`event_param1`,`event_param2`,`event_param3`, `event_param4`,`action_type`,`action_param1`,`action_param2`,`action_param3`,`action_param4`, `action_param5`,`action_param6`,`target_type`,`target_param1`,`target_param2`,`target_param3`,`target_x`,`target_y`,`target_z`,`target_o`,`comment`) values ('46083','0','1','0','0','0','100','6','500','1000','60000','61000','11','79904','0','0','0','0','0','2','0','0','0','0','0','0','0','Drakeadon Mongrel');
insert into smart_scripts (`entryorguid`,`source_type`,`id`,`link`,`event_type`, `event_phase_mask`,`event_chance`,`event_flags`,`event_param1`,`event_param2`,`event_param3`, `event_param4`,`action_type`,`action_param1`,`action_param2`,`action_param3`,`action_param4`, `action_param5`,`action_param6`,`target_type`,`target_param1`,`target_param2`,`target_param3`,`target_x`,`target_y`,`target_z`,`target_o`,`comment`) values ('46083','0','2','0','0','0','100','30','23000','25000','30000','32000','11','80341','0','0','0','0','0','1','0','0','0','0','0','0','0','Drakeadon Mongrel');
insert into smart_scripts (`entryorguid`,`source_type`,`id`,`link`,`event_type`, `event_phase_mask`,`event_chance`,`event_flags`,`event_param1`,`event_param2`,`event_param3`, `event_param4`,`action_type`,`action_param1`,`action_param2`,`action_param3`,`action_param4`, `action_param5`,`action_param6`,`target_type`,`target_param1`,`target_param2`,`target_param3`,`target_x`,`target_y`,`target_z`,`target_o`,`comment`) values ('46083','0','3','0','0','0','100','6','4000','6000','15000','17000','11','80345','0','0','0','0','0','2','0','0','0','0','0','0','0','Drakeadon Mongrel');
insert into smart_scripts (`entryorguid`,`source_type`,`id`,`link`,`event_type`, `event_phase_mask`,`event_chance`,`event_flags`,`event_param1`,`event_param2`,`event_param3`, `event_param4`,`action_type`,`action_param1`,`action_param2`,`action_param3`,`action_param4`, `action_param5`,`action_param6`,`target_type`,`target_param1`,`target_param2`,`target_param3`,`target_x`,`target_y`,`target_z`,`target_o`,`comment`) values ('46083','0','4','0','0','0','100','6','8000','10000','19000','21000','11','80336','0','0','0','0','0','2','0','0','0','0','0','0','0','Drakeadon Mongrel');
insert into smart_scripts (`entryorguid`,`source_type`,`id`,`link`,`event_type`, `event_phase_mask`,`event_chance`,`event_flags`,`event_param1`,`event_param2`,`event_param3`, `event_param4`,`action_type`,`action_param1`,`action_param2`,`action_param3`,`action_param4`, `action_param5`,`action_param6`,`target_type`,`target_param1`,`target_param2`,`target_param3`,`target_x`,`target_y`,`target_z`,`target_o`,`comment`) values ('46083','0','5','0','2','0','100','6','5','30','23000','25000','11','80332','0','0','0','0','0','1','0','0','0','0','0','0','0','Drakeadon Mongrel');
insert into smart_scripts (`entryorguid`,`source_type`,`id`,`link`,`event_type`, `event_phase_mask`,`event_chance`,`event_flags`,`event_param1`,`event_param2`,`event_param3`, `event_param4`,`action_type`,`action_param1`,`action_param2`,`action_param3`,`action_param4`, `action_param5`,`action_param6`,`target_type`,`target_param1`,`target_param2`,`target_param3`,`target_x`,`target_y`,`target_z`,`target_o`,`comment`) values ('46083','0','6','0','2','0','100','24','5','30','23000','25000','11','91907','0','0','0','0','0','1','0','0','0','0','0','0','0','Drakeadon Mongrel');
insert into smart_scripts (`entryorguid`,`source_type`,`id`,`link`,`event_type`, `event_phase_mask`,`event_chance`,`event_flags`,`event_param1`,`event_param2`,`event_param3`, `event_param4`,`action_type`,`action_param1`,`action_param2`,`action_param3`,`action_param4`, `action_param5`,`action_param6`,`target_type`,`target_param1`,`target_param2`,`target_param3`,`target_x`,`target_y`,`target_z`,`target_o`,`comment`) values ('46083','0','7','0','0','0','100','24','8000','10000','19000','21000','11','91896','0','0','0','0','0','2','0','0','0','0','0','0','0','Drakeadon Mongrel');
insert into smart_scripts (`entryorguid`,`source_type`,`id`,`link`,`event_type`, `event_phase_mask`,`event_chance`,`event_flags`,`event_param1`,`event_param2`,`event_param3`, `event_param4`,`action_type`,`action_param1`,`action_param2`,`action_param3`,`action_param4`, `action_param5`,`action_param6`,`target_type`,`target_param1`,`target_param2`,`target_param3`,`target_x`,`target_y`,`target_z`,`target_o`,`comment`) values ('46083','0','8','0','0','0','100','24','4000','6000','15000','17000','11','95060','0','0','0','0','0','2','0','0','0','0','0','0','0','Drakeadon Mongrel');
insert into smart_scripts (`entryorguid`,`source_type`,`id`,`link`,`event_type`, `event_phase_mask`,`event_chance`,`event_flags`,`event_param1`,`event_param2`,`event_param3`, `event_param4`,`action_type`,`action_param1`,`action_param2`,`action_param3`,`action_param4`, `action_param5`,`action_param6`,`target_type`,`target_param1`,`target_param2`,`target_param3`,`target_x`,`target_y`,`target_z`,`target_o`,`comment`) values ('46083','0','9','0','0','0','100','24','500','1000','60000','61000','11','91904','0','0','0','0','0','2','0','0','0','0','0','0','0','Drakeadon Mongrel');
insert into smart_scripts (`entryorguid`,`source_type`,`id`,`link`,`event_type`, `event_phase_mask`,`event_chance`,`event_flags`,`event_param1`,`event_param2`,`event_param3`, `event_param4`,`action_type`,`action_param1`,`action_param2`,`action_param3`,`action_param4`, `action_param5`,`action_param6`,`target_type`,`target_param1`,`target_param2`,`target_param3`,`target_x`,`target_y`,`target_z`,`target_o`,`comment`) values ('46083','0','10','0','0','0','20','30','100','900','70000','70000','11','80372','0','0','0','0','0','1','0','0','0','0','0','0','0','Drakeadon Mongrel');
insert into smart_scripts (`entryorguid`,`source_type`,`id`,`link`,`event_type`, `event_phase_mask`,`event_chance`,`event_flags`,`event_param1`,`event_param2`,`event_param3`, `event_param4`,`action_type`,`action_param1`,`action_param2`,`action_param3`,`action_param4`, `action_param5`,`action_param6`,`target_type`,`target_param1`,`target_param2`,`target_param3`,`target_x`,`target_y`,`target_z`,`target_o`,`comment`) values ('46083','0','11','0','0','0','20','30','100','900','70000','70000','11','80369','0','0','0','0','0','1','0','0','0','0','0','0','0','Drakeadon Mongrel');
insert into smart_scripts (`entryorguid`,`source_type`,`id`,`link`,`event_type`, `event_phase_mask`,`event_chance`,`event_flags`,`event_param1`,`event_param2`,`event_param3`, `event_param4`,`action_type`,`action_param1`,`action_param2`,`action_param3`,`action_param4`, `action_param5`,`action_param6`,`target_type`,`target_param1`,`target_param2`,`target_param3`,`target_x`,`target_y`,`target_z`,`target_o`,`comment`) values ('46083','0','12','0','0','0','20','30','100','900','70000','70000','11','80368','0','0','0','0','0','1','0','0','0','0','0','0','0','Drakeadon Mongrel');
insert into smart_scripts (`entryorguid`,`source_type`,`id`,`link`,`event_type`, `event_phase_mask`,`event_chance`,`event_flags`,`event_param1`,`event_param2`,`event_param3`, `event_param4`,`action_type`,`action_param1`,`action_param2`,`action_param3`,`action_param4`, `action_param5`,`action_param6`,`target_type`,`target_param1`,`target_param2`,`target_param3`,`target_x`,`target_y`,`target_z`,`target_o`,`comment`) values ('46083','0','13','0','0','0','20','30','100','900','70000','70000','11','80371','0','0','0','0','0','1','0','0','0','0','0','0','0','Drakeadon Mongrel');
insert into smart_scripts (`entryorguid`,`source_type`,`id`,`link`,`event_type`, `event_phase_mask`,`event_chance`,`event_flags`,`event_param1`,`event_param2`,`event_param3`, `event_param4`,`action_type`,`action_param1`,`action_param2`,`action_param3`,`action_param4`, `action_param5`,`action_param6`,`target_type`,`target_param1`,`target_param2`,`target_param3`,`target_x`,`target_y`,`target_z`,`target_o`,`comment`) values ('46083','0','14','0','0','0','20','30','100','900','70000','70000','11','80370','0','0','0','0','0','1','0','0','0','0','0','0','0','Drakeadon Mongrel');
insert into smart_scripts (`entryorguid`,`source_type`,`id`,`link`,`event_type`, `event_phase_mask`,`event_chance`,`event_flags`,`event_param1`,`event_param2`,`event_param3`, `event_param4`,`action_type`,`action_param1`,`action_param2`,`action_param3`,`action_param4`, `action_param5`,`action_param6`,`target_type`,`target_param1`,`target_param2`,`target_param3`,`target_x`,`target_y`,`target_z`,`target_o`,`comment`) values ('49740','0','0','0','1','0','100','8','2000','4000','15000','17000','11','92677','0','0','0','0','0','5','0','0','0','0','0','0','0','Obnoxious Fiend');
insert into smart_scripts (`entryorguid`,`source_type`,`id`,`link`,`event_type`, `event_phase_mask`,`event_chance`,`event_flags`,`event_param1`,`event_param2`,`event_param3`, `event_param4`,`action_type`,`action_param1`,`action_param2`,`action_param3`,`action_param4`, `action_param5`,`action_param6`,`target_type`,`target_param1`,`target_param2`,`target_param3`,`target_x`,`target_y`,`target_z`,`target_o`,`comment`) values ('49740','0','1','0','1','0','100','16','2000','4000','15000','17000','11','92702','0','0','0','0','0','5','0','0','0','0','0','0','0','Obnoxious Fiend');
insert into smart_scripts (`entryorguid`,`source_type`,`id`,`link`,`event_type`, `event_phase_mask`,`event_chance`,`event_flags`,`event_param1`,`event_param2`,`event_param3`, `event_param4`,`action_type`,`action_param1`,`action_param2`,`action_param3`,`action_param4`, `action_param5`,`action_param6`,`target_type`,`target_param1`,`target_param2`,`target_param3`,`target_x`,`target_y`,`target_z`,`target_o`,`comment`) values ('49740','0','2','0','2','0','100','24','1','5','20000','26000','11','92681','0','0','0','0','0','1','0','0','0','0','0','0','0','Obnoxious Fiend');
delete from gameobject_loot_template where entry in (402368,203306,207207,204929,402092,207834,20371);
delete from creature_loot_template where entry in (42800,42166,46083,42802,42768,41570,42764,42180,41378,42649,42767,42179,41379,43126,42949,49740,44418,44202,41377,42186,42178,432960,49974,51101,49056,49053,49047,49050,120000,49491,49492,49500,49501,49502,49508,47774,49515);


/* -----------------------CREATURE_LOOT_TEMPLATE------------------------------------*/

insert into creature_loot_template (`entry`,`item`,`ChanceOrQuestChance`,`lootmode`,`groupid`,`mincountOrRef`,`maxcount`) values ('41378','0','100','1','1','-41378','3');
insert into creature_loot_template (`entry`,`item`,`ChanceOrQuestChance`,`lootmode`,`groupid`,`mincountOrRef`,`maxcount`) values ('41570','0','100','1','1','-41570','3');
insert into creature_loot_template (`entry`,`item`,`ChanceOrQuestChance`,`lootmode`,`groupid`,`mincountOrRef`,`maxcount`) values ('42166','0','100','1','1','-42166','3');
insert into creature_loot_template (`entry`,`item`,`ChanceOrQuestChance`,`lootmode`,`groupid`,`mincountOrRef`,`maxcount`) values ('42178','0','100','1','1','-42166','3');
insert into creature_loot_template (`entry`,`item`,`ChanceOrQuestChance`,`lootmode`,`groupid`,`mincountOrRef`,`maxcount`) values ('42179','0','100','1','1','-42166','3');
insert into creature_loot_template (`entry`,`item`,`ChanceOrQuestChance`,`lootmode`,`groupid`,`mincountOrRef`,`maxcount`) values ('42180','0','100','1','1','-42166','3');
insert into creature_loot_template (`entry`,`item`,`ChanceOrQuestChance`,`lootmode`,`groupid`,`mincountOrRef`,`maxcount`) values ('42649','53010','34.5','1','0','1','6');
insert into creature_loot_template (`entry`,`item`,`ChanceOrQuestChance`,`lootmode`,`groupid`,`mincountOrRef`,`maxcount`) values ('42649','55404','1.2','1','0','1','1');
insert into creature_loot_template (`entry`,`item`,`ChanceOrQuestChance`,`lootmode`,`groupid`,`mincountOrRef`,`maxcount`) values ('42649','55441','1.5','1','0','1','1');
insert into creature_loot_template (`entry`,`item`,`ChanceOrQuestChance`,`lootmode`,`groupid`,`mincountOrRef`,`maxcount`) values ('42649','58256','4.2','1','0','1','1');
insert into creature_loot_template (`entry`,`item`,`ChanceOrQuestChance`,`lootmode`,`groupid`,`mincountOrRef`,`maxcount`) values ('42649','58268','7.1','1','0','1','1');
insert into creature_loot_template (`entry`,`item`,`ChanceOrQuestChance`,`lootmode`,`groupid`,`mincountOrRef`,`maxcount`) values ('42649','59461','2','1','0','1','1');
insert into creature_loot_template (`entry`,`item`,`ChanceOrQuestChance`,`lootmode`,`groupid`,`mincountOrRef`,`maxcount`) values ('42649','59463','2','1','0','1','1');
insert into creature_loot_template (`entry`,`item`,`ChanceOrQuestChance`,`lootmode`,`groupid`,`mincountOrRef`,`maxcount`) values ('42649','68197','4.8','1','0','1','2');
insert into creature_loot_template (`entry`,`item`,`ChanceOrQuestChance`,`lootmode`,`groupid`,`mincountOrRef`,`maxcount`) values ('42649','68198','12.8','1','0','1','2');
insert into creature_loot_template (`entry`,`item`,`ChanceOrQuestChance`,`lootmode`,`groupid`,`mincountOrRef`,`maxcount`) values ('42649','68601','2.1','1','0','1','1');
insert into creature_loot_template (`entry`,`item`,`ChanceOrQuestChance`,`lootmode`,`groupid`,`mincountOrRef`,`maxcount`) values ('42764','52976','4.7','1','0','1','2');
insert into creature_loot_template (`entry`,`item`,`ChanceOrQuestChance`,`lootmode`,`groupid`,`mincountOrRef`,`maxcount`) values ('42764','52979','3.1','1','0','1','1');
insert into creature_loot_template (`entry`,`item`,`ChanceOrQuestChance`,`lootmode`,`groupid`,`mincountOrRef`,`maxcount`) values ('42764','53010','26.6','1','0','1','6');
insert into creature_loot_template (`entry`,`item`,`ChanceOrQuestChance`,`lootmode`,`groupid`,`mincountOrRef`,`maxcount`) values ('42764','55295','1.6','1','0','1','1');
insert into creature_loot_template (`entry`,`item`,`ChanceOrQuestChance`,`lootmode`,`groupid`,`mincountOrRef`,`maxcount`) values ('42764','55315','1.6','1','0','1','1');
insert into creature_loot_template (`entry`,`item`,`ChanceOrQuestChance`,`lootmode`,`groupid`,`mincountOrRef`,`maxcount`) values ('42764','55349','3.1','1','0','1','1');
insert into creature_loot_template (`entry`,`item`,`ChanceOrQuestChance`,`lootmode`,`groupid`,`mincountOrRef`,`maxcount`) values ('42764','55421','4.7','1','0','1','1');
insert into creature_loot_template (`entry`,`item`,`ChanceOrQuestChance`,`lootmode`,`groupid`,`mincountOrRef`,`maxcount`) values ('42764','55440','1.6','1','0','1','1');
insert into creature_loot_template (`entry`,`item`,`ChanceOrQuestChance`,`lootmode`,`groupid`,`mincountOrRef`,`maxcount`) values ('42764','55495','1.6','1','0','1','1');
insert into creature_loot_template (`entry`,`item`,`ChanceOrQuestChance`,`lootmode`,`groupid`,`mincountOrRef`,`maxcount`) values ('42764','55504','3.1','1','0','1','1');
insert into creature_loot_template (`entry`,`item`,`ChanceOrQuestChance`,`lootmode`,`groupid`,`mincountOrRef`,`maxcount`) values ('42764','55592','1.6','1','0','1','1');
insert into creature_loot_template (`entry`,`item`,`ChanceOrQuestChance`,`lootmode`,`groupid`,`mincountOrRef`,`maxcount`) values ('42764','55628','1.6','1','0','1','1');
insert into creature_loot_template (`entry`,`item`,`ChanceOrQuestChance`,`lootmode`,`groupid`,`mincountOrRef`,`maxcount`) values ('42764','55646','1.6','1','0','1','1');
insert into creature_loot_template (`entry`,`item`,`ChanceOrQuestChance`,`lootmode`,`groupid`,`mincountOrRef`,`maxcount`) values ('42764','55684','1.6','1','0','1','1');
insert into creature_loot_template (`entry`,`item`,`ChanceOrQuestChance`,`lootmode`,`groupid`,`mincountOrRef`,`maxcount`) values ('42764','55728','1.6','1','0','1','1');
insert into creature_loot_template (`entry`,`item`,`ChanceOrQuestChance`,`lootmode`,`groupid`,`mincountOrRef`,`maxcount`) values ('42764','55763','1.6','1','0','1','1');
insert into creature_loot_template (`entry`,`item`,`ChanceOrQuestChance`,`lootmode`,`groupid`,`mincountOrRef`,`maxcount`) values ('42764','58256','1.6','1','0','1','1');
insert into creature_loot_template (`entry`,`item`,`ChanceOrQuestChance`,`lootmode`,`groupid`,`mincountOrRef`,`maxcount`) values ('42764','58268','4.7','1','0','1','1');
insert into creature_loot_template (`entry`,`item`,`ChanceOrQuestChance`,`lootmode`,`groupid`,`mincountOrRef`,`maxcount`) values ('42764','59461','4.7','1','0','1','1');
insert into creature_loot_template (`entry`,`item`,`ChanceOrQuestChance`,`lootmode`,`groupid`,`mincountOrRef`,`maxcount`) values ('42764','59463','2','1','0','1','1');
insert into creature_loot_template (`entry`,`item`,`ChanceOrQuestChance`,`lootmode`,`groupid`,`mincountOrRef`,`maxcount`) values ('42764','59464','2','1','0','1','1');
insert into creature_loot_template (`entry`,`item`,`ChanceOrQuestChance`,`lootmode`,`groupid`,`mincountOrRef`,`maxcount`) values ('42764','59466','1.6','1','0','1','1');
insert into creature_loot_template (`entry`,`item`,`ChanceOrQuestChance`,`lootmode`,`groupid`,`mincountOrRef`,`maxcount`) values ('42764','59467','3.1','1','0','1','1');
insert into creature_loot_template (`entry`,`item`,`ChanceOrQuestChance`,`lootmode`,`groupid`,`mincountOrRef`,`maxcount`) values ('42764','63538','2','1','0','1','1');
insert into creature_loot_template (`entry`,`item`,`ChanceOrQuestChance`,`lootmode`,`groupid`,`mincountOrRef`,`maxcount`) values ('42764','67127','3.1','1','0','1','1');
insert into creature_loot_template (`entry`,`item`,`ChanceOrQuestChance`,`lootmode`,`groupid`,`mincountOrRef`,`maxcount`) values ('42764','68197','4.7','1','0','1','2');
insert into creature_loot_template (`entry`,`item`,`ChanceOrQuestChance`,`lootmode`,`groupid`,`mincountOrRef`,`maxcount`) values ('42764','68198','15.6','1','0','1','2');
insert into creature_loot_template (`entry`,`item`,`ChanceOrQuestChance`,`lootmode`,`groupid`,`mincountOrRef`,`maxcount`) values ('42764','68601','3.1','1','0','1','1');
insert into creature_loot_template (`entry`,`item`,`ChanceOrQuestChance`,`lootmode`,`groupid`,`mincountOrRef`,`maxcount`) values ('42767','52976','6.7','1','0','1','2');
insert into creature_loot_template (`entry`,`item`,`ChanceOrQuestChance`,`lootmode`,`groupid`,`mincountOrRef`,`maxcount`) values ('42767','52979','2.2','1','0','1','2');
insert into creature_loot_template (`entry`,`item`,`ChanceOrQuestChance`,`lootmode`,`groupid`,`mincountOrRef`,`maxcount`) values ('42767','53010','28.9','1','0','2','6');
insert into creature_loot_template (`entry`,`item`,`ChanceOrQuestChance`,`lootmode`,`groupid`,`mincountOrRef`,`maxcount`) values ('42767','55297','2.2','1','0','1','1');
insert into creature_loot_template (`entry`,`item`,`ChanceOrQuestChance`,`lootmode`,`groupid`,`mincountOrRef`,`maxcount`) values ('42767','55405','2.2','1','0','1','1');
insert into creature_loot_template (`entry`,`item`,`ChanceOrQuestChance`,`lootmode`,`groupid`,`mincountOrRef`,`maxcount`) values ('42767','55439','2.2','1','0','1','1');
insert into creature_loot_template (`entry`,`item`,`ChanceOrQuestChance`,`lootmode`,`groupid`,`mincountOrRef`,`maxcount`) values ('42767','55513','2.2','1','0','1','1');
insert into creature_loot_template (`entry`,`item`,`ChanceOrQuestChance`,`lootmode`,`groupid`,`mincountOrRef`,`maxcount`) values ('42767','55566','2.2','1','0','1','1');
insert into creature_loot_template (`entry`,`item`,`ChanceOrQuestChance`,`lootmode`,`groupid`,`mincountOrRef`,`maxcount`) values ('42767','55567','2.2','1','0','1','1');
insert into creature_loot_template (`entry`,`item`,`ChanceOrQuestChance`,`lootmode`,`groupid`,`mincountOrRef`,`maxcount`) values ('42767','55593','4.4','1','0','1','1');
insert into creature_loot_template (`entry`,`item`,`ChanceOrQuestChance`,`lootmode`,`groupid`,`mincountOrRef`,`maxcount`) values ('42767','55594','2.2','1','0','1','1');
insert into creature_loot_template (`entry`,`item`,`ChanceOrQuestChance`,`lootmode`,`groupid`,`mincountOrRef`,`maxcount`) values ('42767','55603','2.2','1','0','1','1');
insert into creature_loot_template (`entry`,`item`,`ChanceOrQuestChance`,`lootmode`,`groupid`,`mincountOrRef`,`maxcount`) values ('42767','55683','2.2','1','0','1','1');
insert into creature_loot_template (`entry`,`item`,`ChanceOrQuestChance`,`lootmode`,`groupid`,`mincountOrRef`,`maxcount`) values ('42767','55700','2.2','1','0','1','1');
insert into creature_loot_template (`entry`,`item`,`ChanceOrQuestChance`,`lootmode`,`groupid`,`mincountOrRef`,`maxcount`) values ('42767','55728','2.2','1','0','1','1');
insert into creature_loot_template (`entry`,`item`,`ChanceOrQuestChance`,`lootmode`,`groupid`,`mincountOrRef`,`maxcount`) values ('42767','55773','2.2','1','0','1','1');
insert into creature_loot_template (`entry`,`item`,`ChanceOrQuestChance`,`lootmode`,`groupid`,`mincountOrRef`,`maxcount`) values ('42767','55774','2.2','1','0','1','1');
insert into creature_loot_template (`entry`,`item`,`ChanceOrQuestChance`,`lootmode`,`groupid`,`mincountOrRef`,`maxcount`) values ('42767','58256','2.2','1','0','1','1');
insert into creature_loot_template (`entry`,`item`,`ChanceOrQuestChance`,`lootmode`,`groupid`,`mincountOrRef`,`maxcount`) values ('42767','59460','4.4','1','0','1','1');
insert into creature_loot_template (`entry`,`item`,`ChanceOrQuestChance`,`lootmode`,`groupid`,`mincountOrRef`,`maxcount`) values ('42767','59461','3','1','0','1','1');
insert into creature_loot_template (`entry`,`item`,`ChanceOrQuestChance`,`lootmode`,`groupid`,`mincountOrRef`,`maxcount`) values ('42767','59462','2','1','0','1','1');
insert into creature_loot_template (`entry`,`item`,`ChanceOrQuestChance`,`lootmode`,`groupid`,`mincountOrRef`,`maxcount`) values ('42767','59463','3','1','0','1','1');
insert into creature_loot_template (`entry`,`item`,`ChanceOrQuestChance`,`lootmode`,`groupid`,`mincountOrRef`,`maxcount`) values ('42767','59464','2','1','0','1','1');
insert into creature_loot_template (`entry`,`item`,`ChanceOrQuestChance`,`lootmode`,`groupid`,`mincountOrRef`,`maxcount`) values ('42767','62065','2.2','1','0','1','1');
insert into creature_loot_template (`entry`,`item`,`ChanceOrQuestChance`,`lootmode`,`groupid`,`mincountOrRef`,`maxcount`) values ('42767','63537','1.9','1','0','1','1');
insert into creature_loot_template (`entry`,`item`,`ChanceOrQuestChance`,`lootmode`,`groupid`,`mincountOrRef`,`maxcount`) values ('42767','63538','4.4','1','0','1','1');
insert into creature_loot_template (`entry`,`item`,`ChanceOrQuestChance`,`lootmode`,`groupid`,`mincountOrRef`,`maxcount`) values ('42767','68197','4.4','1','0','1','2');
insert into creature_loot_template (`entry`,`item`,`ChanceOrQuestChance`,`lootmode`,`groupid`,`mincountOrRef`,`maxcount`) values ('42767','68198','6.7','1','0','1','2');
insert into creature_loot_template (`entry`,`item`,`ChanceOrQuestChance`,`lootmode`,`groupid`,`mincountOrRef`,`maxcount`) values ('42767','68601','4.4','1','0','1','1');
insert into creature_loot_template (`entry`,`item`,`ChanceOrQuestChance`,`lootmode`,`groupid`,`mincountOrRef`,`maxcount`) values ('42768','52976','3.6','1','0','1','2');
insert into creature_loot_template (`entry`,`item`,`ChanceOrQuestChance`,`lootmode`,`groupid`,`mincountOrRef`,`maxcount`) values ('42768','53010','21.6','1','0','1','6');
insert into creature_loot_template (`entry`,`item`,`ChanceOrQuestChance`,`lootmode`,`groupid`,`mincountOrRef`,`maxcount`) values ('42768','55556','2.7','1','0','1','1');
insert into creature_loot_template (`entry`,`item`,`ChanceOrQuestChance`,`lootmode`,`groupid`,`mincountOrRef`,`maxcount`) values ('42768','55701','1.8','1','0','1','1');
insert into creature_loot_template (`entry`,`item`,`ChanceOrQuestChance`,`lootmode`,`groupid`,`mincountOrRef`,`maxcount`) values ('42768','55745','2.7','1','0','1','1');
insert into creature_loot_template (`entry`,`item`,`ChanceOrQuestChance`,`lootmode`,`groupid`,`mincountOrRef`,`maxcount`) values ('42768','58268','7.2','1','0','1','1');
insert into creature_loot_template (`entry`,`item`,`ChanceOrQuestChance`,`lootmode`,`groupid`,`mincountOrRef`,`maxcount`) values ('42768','59460','3.6','1','0','1','1');
insert into creature_loot_template (`entry`,`item`,`ChanceOrQuestChance`,`lootmode`,`groupid`,`mincountOrRef`,`maxcount`) values ('42768','59461','1.8','1','0','1','1');
insert into creature_loot_template (`entry`,`item`,`ChanceOrQuestChance`,`lootmode`,`groupid`,`mincountOrRef`,`maxcount`) values ('42768','59462','6.3','1','0','1','1');
insert into creature_loot_template (`entry`,`item`,`ChanceOrQuestChance`,`lootmode`,`groupid`,`mincountOrRef`,`maxcount`) values ('42768','59463','3.6','1','0','1','1');
insert into creature_loot_template (`entry`,`item`,`ChanceOrQuestChance`,`lootmode`,`groupid`,`mincountOrRef`,`maxcount`) values ('42768','59464','2','1','0','1','1');
insert into creature_loot_template (`entry`,`item`,`ChanceOrQuestChance`,`lootmode`,`groupid`,`mincountOrRef`,`maxcount`) values ('42768','63537','2','1','0','1','1');
insert into creature_loot_template (`entry`,`item`,`ChanceOrQuestChance`,`lootmode`,`groupid`,`mincountOrRef`,`maxcount`) values ('42768','68198','9.9','1','0','1','2');
insert into creature_loot_template (`entry`,`item`,`ChanceOrQuestChance`,`lootmode`,`groupid`,`mincountOrRef`,`maxcount`) values ('42800','55368','1.1','1','0','1','1');
insert into creature_loot_template (`entry`,`item`,`ChanceOrQuestChance`,`lootmode`,`groupid`,`mincountOrRef`,`maxcount`) values ('42800','55421','1.9','1','0','1','1');
insert into creature_loot_template (`entry`,`item`,`ChanceOrQuestChance`,`lootmode`,`groupid`,`mincountOrRef`,`maxcount`) values ('42800','55441','1.5','1','0','1','1');
insert into creature_loot_template (`entry`,`item`,`ChanceOrQuestChance`,`lootmode`,`groupid`,`mincountOrRef`,`maxcount`) values ('42800','55512','1.5','1','0','1','1');
insert into creature_loot_template (`entry`,`item`,`ChanceOrQuestChance`,`lootmode`,`groupid`,`mincountOrRef`,`maxcount`) values ('42800','55574','1.1','1','0','1','1');
insert into creature_loot_template (`entry`,`item`,`ChanceOrQuestChance`,`lootmode`,`groupid`,`mincountOrRef`,`maxcount`) values ('42800','55602','1.5','1','0','1','1');
insert into creature_loot_template (`entry`,`item`,`ChanceOrQuestChance`,`lootmode`,`groupid`,`mincountOrRef`,`maxcount`) values ('42800','55612','3','1','0','1','1');
insert into creature_loot_template (`entry`,`item`,`ChanceOrQuestChance`,`lootmode`,`groupid`,`mincountOrRef`,`maxcount`) values ('42800','55647','1.1','1','0','1','1');
insert into creature_loot_template (`entry`,`item`,`ChanceOrQuestChance`,`lootmode`,`groupid`,`mincountOrRef`,`maxcount`) values ('42800','55655','1.5','1','0','1','1');
insert into creature_loot_template (`entry`,`item`,`ChanceOrQuestChance`,`lootmode`,`groupid`,`mincountOrRef`,`maxcount`) values ('42800','55738','1.5','1','0','1','1');
insert into creature_loot_template (`entry`,`item`,`ChanceOrQuestChance`,`lootmode`,`groupid`,`mincountOrRef`,`maxcount`) values ('42800','55763','1.9','1','0','1','1');
insert into creature_loot_template (`entry`,`item`,`ChanceOrQuestChance`,`lootmode`,`groupid`,`mincountOrRef`,`maxcount`) values ('42800','55765','1.5','1','0','1','1');
insert into creature_loot_template (`entry`,`item`,`ChanceOrQuestChance`,`lootmode`,`groupid`,`mincountOrRef`,`maxcount`) values ('42800','59460','4','1','0','1','1');
insert into creature_loot_template (`entry`,`item`,`ChanceOrQuestChance`,`lootmode`,`groupid`,`mincountOrRef`,`maxcount`) values ('42800','59461','3','1','0','1','1');
insert into creature_loot_template (`entry`,`item`,`ChanceOrQuestChance`,`lootmode`,`groupid`,`mincountOrRef`,`maxcount`) values ('42800','59462','4','1','0','1','1');
insert into creature_loot_template (`entry`,`item`,`ChanceOrQuestChance`,`lootmode`,`groupid`,`mincountOrRef`,`maxcount`) values ('42800','59463','1.9','1','0','1','1');
insert into creature_loot_template (`entry`,`item`,`ChanceOrQuestChance`,`lootmode`,`groupid`,`mincountOrRef`,`maxcount`) values ('42800','59464','2.6','1','0','1','1');
insert into creature_loot_template (`entry`,`item`,`ChanceOrQuestChance`,`lootmode`,`groupid`,`mincountOrRef`,`maxcount`) values ('42800','59465','3','1','0','1','1');
insert into creature_loot_template (`entry`,`item`,`ChanceOrQuestChance`,`lootmode`,`groupid`,`mincountOrRef`,`maxcount`) values ('42800','59466','1.9','1','0','1','1');
insert into creature_loot_template (`entry`,`item`,`ChanceOrQuestChance`,`lootmode`,`groupid`,`mincountOrRef`,`maxcount`) values ('42800','59467','1.9','1','0','1','1');
insert into creature_loot_template (`entry`,`item`,`ChanceOrQuestChance`,`lootmode`,`groupid`,`mincountOrRef`,`maxcount`) values ('42800','59468','3','1','0','1','1');
insert into creature_loot_template (`entry`,`item`,`ChanceOrQuestChance`,`lootmode`,`groupid`,`mincountOrRef`,`maxcount`) values ('42800','62065','2.2','1','0','1','1');
insert into creature_loot_template (`entry`,`item`,`ChanceOrQuestChance`,`lootmode`,`groupid`,`mincountOrRef`,`maxcount`) values ('42800','63537','1.5','1','0','1','1');
insert into creature_loot_template (`entry`,`item`,`ChanceOrQuestChance`,`lootmode`,`groupid`,`mincountOrRef`,`maxcount`) values ('42800','63538','4','1','0','1','1');
insert into creature_loot_template (`entry`,`item`,`ChanceOrQuestChance`,`lootmode`,`groupid`,`mincountOrRef`,`maxcount`) values ('42800','68601','3','1','0','1','1');
insert into creature_loot_template (`entry`,`item`,`ChanceOrQuestChance`,`lootmode`,`groupid`,`mincountOrRef`,`maxcount`) values ('42802','53010','30.8','1','0','1','6');
insert into creature_loot_template (`entry`,`item`,`ChanceOrQuestChance`,`lootmode`,`groupid`,`mincountOrRef`,`maxcount`) values ('42802','55296','1.9','1','0','1','1');
insert into creature_loot_template (`entry`,`item`,`ChanceOrQuestChance`,`lootmode`,`groupid`,`mincountOrRef`,`maxcount`) values ('42802','55404','1.9','1','0','1','1');
insert into creature_loot_template (`entry`,`item`,`ChanceOrQuestChance`,`lootmode`,`groupid`,`mincountOrRef`,`maxcount`) values ('42802','55493','3.8','1','0','1','1');
insert into creature_loot_template (`entry`,`item`,`ChanceOrQuestChance`,`lootmode`,`groupid`,`mincountOrRef`,`maxcount`) values ('42802','55495','1.9','1','0','1','1');
insert into creature_loot_template (`entry`,`item`,`ChanceOrQuestChance`,`lootmode`,`groupid`,`mincountOrRef`,`maxcount`) values ('42802','55512','1.9','1','0','1','1');
insert into creature_loot_template (`entry`,`item`,`ChanceOrQuestChance`,`lootmode`,`groupid`,`mincountOrRef`,`maxcount`) values ('42802','55557','1.9','1','0','1','1');
insert into creature_loot_template (`entry`,`item`,`ChanceOrQuestChance`,`lootmode`,`groupid`,`mincountOrRef`,`maxcount`) values ('42802','55567','1.9','1','0','1','1');
insert into creature_loot_template (`entry`,`item`,`ChanceOrQuestChance`,`lootmode`,`groupid`,`mincountOrRef`,`maxcount`) values ('42802','55584','1.9','1','0','1','1');
insert into creature_loot_template (`entry`,`item`,`ChanceOrQuestChance`,`lootmode`,`groupid`,`mincountOrRef`,`maxcount`) values ('42802','55756','1.9','1','0','1','1');
insert into creature_loot_template (`entry`,`item`,`ChanceOrQuestChance`,`lootmode`,`groupid`,`mincountOrRef`,`maxcount`) values ('42802','55763','1.9','1','0','1','1');
insert into creature_loot_template (`entry`,`item`,`ChanceOrQuestChance`,`lootmode`,`groupid`,`mincountOrRef`,`maxcount`) values ('42802','58256','5.8','1','0','1','1');
insert into creature_loot_template (`entry`,`item`,`ChanceOrQuestChance`,`lootmode`,`groupid`,`mincountOrRef`,`maxcount`) values ('42802','58268','11.5','1','0','1','1');
insert into creature_loot_template (`entry`,`item`,`ChanceOrQuestChance`,`lootmode`,`groupid`,`mincountOrRef`,`maxcount`) values ('42802','59460','1.9','1','0','1','1');
insert into creature_loot_template (`entry`,`item`,`ChanceOrQuestChance`,`lootmode`,`groupid`,`mincountOrRef`,`maxcount`) values ('42802','59461','1.9','1','0','1','1');
insert into creature_loot_template (`entry`,`item`,`ChanceOrQuestChance`,`lootmode`,`groupid`,`mincountOrRef`,`maxcount`) values ('42802','59462','1.9','1','0','1','1');
insert into creature_loot_template (`entry`,`item`,`ChanceOrQuestChance`,`lootmode`,`groupid`,`mincountOrRef`,`maxcount`) values ('42802','59463','3','1','0','1','1');
insert into creature_loot_template (`entry`,`item`,`ChanceOrQuestChance`,`lootmode`,`groupid`,`mincountOrRef`,`maxcount`) values ('42802','59464','1.9','1','0','1','1');
insert into creature_loot_template (`entry`,`item`,`ChanceOrQuestChance`,`lootmode`,`groupid`,`mincountOrRef`,`maxcount`) values ('42802','59466','3.8','1','0','1','1');
insert into creature_loot_template (`entry`,`item`,`ChanceOrQuestChance`,`lootmode`,`groupid`,`mincountOrRef`,`maxcount`) values ('42802','63538','3.8','1','0','1','1');
insert into creature_loot_template (`entry`,`item`,`ChanceOrQuestChance`,`lootmode`,`groupid`,`mincountOrRef`,`maxcount`) values ('42802','68198','17.3','1','0','1','2');
insert into creature_loot_template (`entry`,`item`,`ChanceOrQuestChance`,`lootmode`,`groupid`,`mincountOrRef`,`maxcount`) values ('43126','53010','36','1','0','1','6');
insert into creature_loot_template (`entry`,`item`,`ChanceOrQuestChance`,`lootmode`,`groupid`,`mincountOrRef`,`maxcount`) values ('43126','58256','3','1','0','1','1');
insert into creature_loot_template (`entry`,`item`,`ChanceOrQuestChance`,`lootmode`,`groupid`,`mincountOrRef`,`maxcount`) values ('43126','58268','5','1','0','1','1');
insert into creature_loot_template (`entry`,`item`,`ChanceOrQuestChance`,`lootmode`,`groupid`,`mincountOrRef`,`maxcount`) values ('43126','59460','1.8','1','0','1','1');
insert into creature_loot_template (`entry`,`item`,`ChanceOrQuestChance`,`lootmode`,`groupid`,`mincountOrRef`,`maxcount`) values ('43126','59461','3','1','0','1','1');
insert into creature_loot_template (`entry`,`item`,`ChanceOrQuestChance`,`lootmode`,`groupid`,`mincountOrRef`,`maxcount`) values ('43126','59462','1.9','1','0','1','1');
insert into creature_loot_template (`entry`,`item`,`ChanceOrQuestChance`,`lootmode`,`groupid`,`mincountOrRef`,`maxcount`) values ('43126','59463','2','1','0','1','1');
insert into creature_loot_template (`entry`,`item`,`ChanceOrQuestChance`,`lootmode`,`groupid`,`mincountOrRef`,`maxcount`) values ('43126','59464','2','1','0','1','1');
insert into creature_loot_template (`entry`,`item`,`ChanceOrQuestChance`,`lootmode`,`groupid`,`mincountOrRef`,`maxcount`) values ('43126','68197','3','1','0','1','2');
insert into creature_loot_template (`entry`,`item`,`ChanceOrQuestChance`,`lootmode`,`groupid`,`mincountOrRef`,`maxcount`) values ('43126','68198','10','1','0','1','2');
insert into creature_loot_template (`entry`,`item`,`ChanceOrQuestChance`,`lootmode`,`groupid`,`mincountOrRef`,`maxcount`) values ('43126','68601','1.8','1','0','1','1');
insert into creature_loot_template (`entry`,`item`,`ChanceOrQuestChance`,`lootmode`,`groupid`,`mincountOrRef`,`maxcount`) values ('46083','53010','18.8','1','0','1','6');
insert into creature_loot_template (`entry`,`item`,`ChanceOrQuestChance`,`lootmode`,`groupid`,`mincountOrRef`,`maxcount`) values ('46083','55423','6.3','1','0','1','1');
insert into creature_loot_template (`entry`,`item`,`ChanceOrQuestChance`,`lootmode`,`groupid`,`mincountOrRef`,`maxcount`) values ('46083','55666','3.1','1','0','1','1');
insert into creature_loot_template (`entry`,`item`,`ChanceOrQuestChance`,`lootmode`,`groupid`,`mincountOrRef`,`maxcount`) values ('46083','55738','3.1','1','0','1','1');
insert into creature_loot_template (`entry`,`item`,`ChanceOrQuestChance`,`lootmode`,`groupid`,`mincountOrRef`,`maxcount`) values ('46083','58256','9.4','1','0','1','1');
insert into creature_loot_template (`entry`,`item`,`ChanceOrQuestChance`,`lootmode`,`groupid`,`mincountOrRef`,`maxcount`) values ('46083','58268','3.1','1','0','1','1');
insert into creature_loot_template (`entry`,`item`,`ChanceOrQuestChance`,`lootmode`,`groupid`,`mincountOrRef`,`maxcount`) values ('46083','59460','2','1','0','1','1');
insert into creature_loot_template (`entry`,`item`,`ChanceOrQuestChance`,`lootmode`,`groupid`,`mincountOrRef`,`maxcount`) values ('46083','59461','3.1','1','0','1','1');
insert into creature_loot_template (`entry`,`item`,`ChanceOrQuestChance`,`lootmode`,`groupid`,`mincountOrRef`,`maxcount`) values ('46083','59462','2','1','0','1','1');
insert into creature_loot_template (`entry`,`item`,`ChanceOrQuestChance`,`lootmode`,`groupid`,`mincountOrRef`,`maxcount`) values ('46083','59463','3','1','0','1','1');
insert into creature_loot_template (`entry`,`item`,`ChanceOrQuestChance`,`lootmode`,`groupid`,`mincountOrRef`,`maxcount`) values ('46083','59464','2','1','0','1','1');
insert into creature_loot_template (`entry`,`item`,`ChanceOrQuestChance`,`lootmode`,`groupid`,`mincountOrRef`,`maxcount`) values ('46083','59465','3.1','1','0','1','1');
insert into creature_loot_template (`entry`,`item`,`ChanceOrQuestChance`,`lootmode`,`groupid`,`mincountOrRef`,`maxcount`) values ('46083','63537','3.1','1','0','1','1');
insert into creature_loot_template (`entry`,`item`,`ChanceOrQuestChance`,`lootmode`,`groupid`,`mincountOrRef`,`maxcount`) values ('46083','63538','1.9','1','0','1','1');
insert into creature_loot_template (`entry`,`item`,`ChanceOrQuestChance`,`lootmode`,`groupid`,`mincountOrRef`,`maxcount`) values ('46083','68197','3.1','1','0','2','2');
insert into creature_loot_template (`entry`,`item`,`ChanceOrQuestChance`,`lootmode`,`groupid`,`mincountOrRef`,`maxcount`) values ('46083','68198','18.8','1','0','1','2');
insert into creature_loot_template (`entry`,`item`,`ChanceOrQuestChance`,`lootmode`,`groupid`,`mincountOrRef`,`maxcount`) values ('47774','0','100','1','1','-43296','6');
insert into creature_loot_template (`entry`,`item`,`ChanceOrQuestChance`,`lootmode`,`groupid`,`mincountOrRef`,`maxcount`) values ('49047','0','100','1','1','-42166','6');
insert into creature_loot_template (`entry`,`item`,`ChanceOrQuestChance`,`lootmode`,`groupid`,`mincountOrRef`,`maxcount`) values ('49050','65004','14','0','0','1','1');
insert into creature_loot_template (`entry`,`item`,`ChanceOrQuestChance`,`lootmode`,`groupid`,`mincountOrRef`,`maxcount`) values ('49050','65076','26','0','0','1','1');
insert into creature_loot_template (`entry`,`item`,`ChanceOrQuestChance`,`lootmode`,`groupid`,`mincountOrRef`,`maxcount`) values ('49050','65077','22','0','0','1','1');
insert into creature_loot_template (`entry`,`item`,`ChanceOrQuestChance`,`lootmode`,`groupid`,`mincountOrRef`,`maxcount`) values ('49050','65078','15','0','0','1','1');
insert into creature_loot_template (`entry`,`item`,`ChanceOrQuestChance`,`lootmode`,`groupid`,`mincountOrRef`,`maxcount`) values ('49050','65079','12','0','0','1','1');
insert into creature_loot_template (`entry`,`item`,`ChanceOrQuestChance`,`lootmode`,`groupid`,`mincountOrRef`,`maxcount`) values ('49050','65080','11','0','0','1','1');
insert into creature_loot_template (`entry`,`item`,`ChanceOrQuestChance`,`lootmode`,`groupid`,`mincountOrRef`,`maxcount`) values ('49053','65081','12','0','0','1','1');
insert into creature_loot_template (`entry`,`item`,`ChanceOrQuestChance`,`lootmode`,`groupid`,`mincountOrRef`,`maxcount`) values ('49053','65082','22','0','0','1','1');
insert into creature_loot_template (`entry`,`item`,`ChanceOrQuestChance`,`lootmode`,`groupid`,`mincountOrRef`,`maxcount`) values ('49053','65083','18','0','0','1','1');
insert into creature_loot_template (`entry`,`item`,`ChanceOrQuestChance`,`lootmode`,`groupid`,`mincountOrRef`,`maxcount`) values ('49053','65084','17','0','0','1','1');
insert into creature_loot_template (`entry`,`item`,`ChanceOrQuestChance`,`lootmode`,`groupid`,`mincountOrRef`,`maxcount`) values ('49053','65085','17','0','0','1','1');
insert into creature_loot_template (`entry`,`item`,`ChanceOrQuestChance`,`lootmode`,`groupid`,`mincountOrRef`,`maxcount`) values ('49053','65086','15','0','0','1','1');
insert into creature_loot_template (`entry`,`item`,`ChanceOrQuestChance`,`lootmode`,`groupid`,`mincountOrRef`,`maxcount`) values ('49974','0','100','1','1','-41378','6');
insert into creature_loot_template (`entry`,`item`,`ChanceOrQuestChance`,`lootmode`,`groupid`,`mincountOrRef`,`maxcount`) values ('51101','0','100','1','1','-41570','6');


/* -----------------------GAMEBOJECT_LOOT_TEMPLATE------------------------------------*/

delete from instance_template where map in (669);
delete from reference_loot_template where entry in (41378,41570,42166,42166,42166,42166,43296,42166,41378,41570);


/* -----------------------REFERENCE_LOOT_TEMPLATE------------------------------------*/

insert into reference_loot_template (`entry`,`item`,`ChanceOrQuestChance`,`lootmode`,`groupid`,`mincountOrRef`,`maxcount`) values ('41378','59342','0','1','1','1','1');
insert into reference_loot_template (`entry`,`item`,`ChanceOrQuestChance`,`lootmode`,`groupid`,`mincountOrRef`,`maxcount`) values ('41378','59343','0','1','1','1','1');
insert into reference_loot_template (`entry`,`item`,`ChanceOrQuestChance`,`lootmode`,`groupid`,`mincountOrRef`,`maxcount`) values ('41378','59344','0','1','1','1','1');
insert into reference_loot_template (`entry`,`item`,`ChanceOrQuestChance`,`lootmode`,`groupid`,`mincountOrRef`,`maxcount`) values ('41378','59346','0','1','1','1','1');
insert into reference_loot_template (`entry`,`item`,`ChanceOrQuestChance`,`lootmode`,`groupid`,`mincountOrRef`,`maxcount`) values ('41378','59347','0','1','1','1','1');
insert into reference_loot_template (`entry`,`item`,`ChanceOrQuestChance`,`lootmode`,`groupid`,`mincountOrRef`,`maxcount`) values ('41378','59348','0','1','1','1','1');
insert into reference_loot_template (`entry`,`item`,`ChanceOrQuestChance`,`lootmode`,`groupid`,`mincountOrRef`,`maxcount`) values ('41378','59349','0','1','1','1','1');
insert into reference_loot_template (`entry`,`item`,`ChanceOrQuestChance`,`lootmode`,`groupid`,`mincountOrRef`,`maxcount`) values ('41378','59350','0','1','1','1','1');
insert into reference_loot_template (`entry`,`item`,`ChanceOrQuestChance`,`lootmode`,`groupid`,`mincountOrRef`,`maxcount`) values ('41378','59351','0','1','1','1','1');
insert into reference_loot_template (`entry`,`item`,`ChanceOrQuestChance`,`lootmode`,`groupid`,`mincountOrRef`,`maxcount`) values ('41378','59352','0','1','1','1','1');
insert into reference_loot_template (`entry`,`item`,`ChanceOrQuestChance`,`lootmode`,`groupid`,`mincountOrRef`,`maxcount`) values ('41378','59353','0','1','1','1','1');
insert into reference_loot_template (`entry`,`item`,`ChanceOrQuestChance`,`lootmode`,`groupid`,`mincountOrRef`,`maxcount`) values ('41378','59354','0','1','1','1','1');
insert into reference_loot_template (`entry`,`item`,`ChanceOrQuestChance`,`lootmode`,`groupid`,`mincountOrRef`,`maxcount`) values ('41570','59328','0','1','1','1','1');
insert into reference_loot_template (`entry`,`item`,`ChanceOrQuestChance`,`lootmode`,`groupid`,`mincountOrRef`,`maxcount`) values ('41570','59329','0','1','1','1','1');
insert into reference_loot_template (`entry`,`item`,`ChanceOrQuestChance`,`lootmode`,`groupid`,`mincountOrRef`,`maxcount`) values ('41570','59331','0','1','1','1','1');
insert into reference_loot_template (`entry`,`item`,`ChanceOrQuestChance`,`lootmode`,`groupid`,`mincountOrRef`,`maxcount`) values ('41570','59332','0','1','1','1','1');
insert into reference_loot_template (`entry`,`item`,`ChanceOrQuestChance`,`lootmode`,`groupid`,`mincountOrRef`,`maxcount`) values ('41570','59333','0','1','1','1','1');
insert into reference_loot_template (`entry`,`item`,`ChanceOrQuestChance`,`lootmode`,`groupid`,`mincountOrRef`,`maxcount`) values ('41570','59334','0','1','1','1','1');
insert into reference_loot_template (`entry`,`item`,`ChanceOrQuestChance`,`lootmode`,`groupid`,`mincountOrRef`,`maxcount`) values ('41570','59335','0','1','1','1','1');
insert into reference_loot_template (`entry`,`item`,`ChanceOrQuestChance`,`lootmode`,`groupid`,`mincountOrRef`,`maxcount`) values ('41570','59336','0','1','1','1','1');
insert into reference_loot_template (`entry`,`item`,`ChanceOrQuestChance`,`lootmode`,`groupid`,`mincountOrRef`,`maxcount`) values ('41570','59340','0','1','1','1','1');
insert into reference_loot_template (`entry`,`item`,`ChanceOrQuestChance`,`lootmode`,`groupid`,`mincountOrRef`,`maxcount`) values ('41570','59341','0','1','1','1','1');
insert into reference_loot_template (`entry`,`item`,`ChanceOrQuestChance`,`lootmode`,`groupid`,`mincountOrRef`,`maxcount`) values ('41570','59452','0','1','1','1','1');
insert into reference_loot_template (`entry`,`item`,`ChanceOrQuestChance`,`lootmode`,`groupid`,`mincountOrRef`,`maxcount`) values ('41570','59492','0','1','1','1','1');
insert into reference_loot_template (`entry`,`item`,`ChanceOrQuestChance`,`lootmode`,`groupid`,`mincountOrRef`,`maxcount`) values ('42166','59117','0','1','1','1','1');
insert into reference_loot_template (`entry`,`item`,`ChanceOrQuestChance`,`lootmode`,`groupid`,`mincountOrRef`,`maxcount`) values ('42166','59118','0','1','1','1','1');
insert into reference_loot_template (`entry`,`item`,`ChanceOrQuestChance`,`lootmode`,`groupid`,`mincountOrRef`,`maxcount`) values ('42166','59119','0','1','1','1','1');
insert into reference_loot_template (`entry`,`item`,`ChanceOrQuestChance`,`lootmode`,`groupid`,`mincountOrRef`,`maxcount`) values ('42166','59120','0','1','1','1','1');
insert into reference_loot_template (`entry`,`item`,`ChanceOrQuestChance`,`lootmode`,`groupid`,`mincountOrRef`,`maxcount`) values ('42166','59121','0','1','1','1','1');
insert into reference_loot_template (`entry`,`item`,`ChanceOrQuestChance`,`lootmode`,`groupid`,`mincountOrRef`,`maxcount`) values ('42166','59122','0','1','1','1','1');
insert into reference_loot_template (`entry`,`item`,`ChanceOrQuestChance`,`lootmode`,`groupid`,`mincountOrRef`,`maxcount`) values ('42166','59216','0','1','1','1','1');
insert into reference_loot_template (`entry`,`item`,`ChanceOrQuestChance`,`lootmode`,`groupid`,`mincountOrRef`,`maxcount`) values ('42166','59217','0','1','1','1','1');
insert into reference_loot_template (`entry`,`item`,`ChanceOrQuestChance`,`lootmode`,`groupid`,`mincountOrRef`,`maxcount`) values ('42166','59218','0','1','1','1','1');
insert into reference_loot_template (`entry`,`item`,`ChanceOrQuestChance`,`lootmode`,`groupid`,`mincountOrRef`,`maxcount`) values ('42166','59219','0','1','1','1','1');
insert into reference_loot_template (`entry`,`item`,`ChanceOrQuestChance`,`lootmode`,`groupid`,`mincountOrRef`,`maxcount`) values ('42166','59220','0','1','1','1','1');
insert into reference_loot_template (`entry`,`item`,`ChanceOrQuestChance`,`lootmode`,`groupid`,`mincountOrRef`,`maxcount`) values ('42166','63540','0','1','1','1','1');
insert into reference_loot_template (`entry`,`item`,`ChanceOrQuestChance`,`lootmode`,`groupid`,`mincountOrRef`,`maxcount`) values ('43296','59221','0','1','1','1','1');
insert into reference_loot_template (`entry`,`item`,`ChanceOrQuestChance`,`lootmode`,`groupid`,`mincountOrRef`,`maxcount`) values ('43296','59223','0','1','1','1','1');
insert into reference_loot_template (`entry`,`item`,`ChanceOrQuestChance`,`lootmode`,`groupid`,`mincountOrRef`,`maxcount`) values ('43296','59224','0','1','1','1','1');
insert into reference_loot_template (`entry`,`item`,`ChanceOrQuestChance`,`lootmode`,`groupid`,`mincountOrRef`,`maxcount`) values ('43296','59225','0','1','1','1','1');
insert into reference_loot_template (`entry`,`item`,`ChanceOrQuestChance`,`lootmode`,`groupid`,`mincountOrRef`,`maxcount`) values ('43296','59233','0','1','1','1','1');
insert into reference_loot_template (`entry`,`item`,`ChanceOrQuestChance`,`lootmode`,`groupid`,`mincountOrRef`,`maxcount`) values ('43296','59234','0','1','1','1','1');
insert into reference_loot_template (`entry`,`item`,`ChanceOrQuestChance`,`lootmode`,`groupid`,`mincountOrRef`,`maxcount`) values ('43296','59310','0','1','1','1','1');
insert into reference_loot_template (`entry`,`item`,`ChanceOrQuestChance`,`lootmode`,`groupid`,`mincountOrRef`,`maxcount`) values ('43296','59311','0','1','1','1','1');
insert into reference_loot_template (`entry`,`item`,`ChanceOrQuestChance`,`lootmode`,`groupid`,`mincountOrRef`,`maxcount`) values ('43296','59313','0','1','1','1','1');
insert into reference_loot_template (`entry`,`item`,`ChanceOrQuestChance`,`lootmode`,`groupid`,`mincountOrRef`,`maxcount`) values ('43296','59314','0','1','1','1','1');
insert into reference_loot_template (`entry`,`item`,`ChanceOrQuestChance`,`lootmode`,`groupid`,`mincountOrRef`,`maxcount`) values ('43296','59355','0','1','1','1','1');
insert into reference_loot_template (`entry`,`item`,`ChanceOrQuestChance`,`lootmode`,`groupid`,`mincountOrRef`,`maxcount`) values ('43296','59451','0','1','1','1','1');
insert into reference_loot_template (`entry`,`item`,`ChanceOrQuestChance`,`lootmode`,`groupid`,`mincountOrRef`,`maxcount`) values ('43296','64663','0','1','1','1','1');


/* -----------------------INSTANCE_TEMPLATE------------------------------------*/

insert into instance_template (`map`,`parent`,`script`,`allowMount`) values ('669','0','instance_blackwing_descent','0');