DELETE FROM `game_event` WHERE (`eventEntry`='65');
INSERT INTO `game_event` VALUES (65, '2013-7-3 23:59:00', '2020-7-4 23:59:00', 525600, 20160, 62, 'Fireworks Spectacular', 0);

DELETE FROM `creature_template` WHERE (`entry`='391266');
INSERT INTO `creature_template` VALUES (391266, 0, 0, 0, 0, 0, 39084, 0, 0, 0, 'Fireworks Purple Bunny', '', '', 0, 60, 60, 0, 0, 125, 125, 0, 1, 1.14286, 1, 0, 197.6, 262.2, 0, 479, 1, 2000, 0, 1, 33536, 2048, 0, 0, 0, 0, 0, 136.8, 201.4, 34, 7, 0, 0, 0, 0, 0, 0, 0, 0, 0, 0, 0, 0, 0, 0, 0, 0, 0, 0, 0, 0, 0, 0, 0, 'SmartAI', 0, 3, 1, 1, 1, 1, 1, 0, 0, 0, 0, 0, 0, 0, 0, 1, 0, 0, '', 15595);
DELETE FROM `creature_template_addon` WHERE (`entry`='391266');
DELETE FROM smart_scripts WHERE entryorguid IN (391266);
INSERT INTO `smart_scripts` VALUES (391266, 0, 1, 0, 1, 0, 100, 0, 5000,5000,5000,5000, 11, 26516, 0, 0, 0, 0, 0, 1, 0, 0, 0, 0, 0, 0, 0, 'Launch Purple Fireworks');

DELETE FROM `creature_template` WHERE (`entry`='391267');
INSERT INTO `creature_template` VALUES (391267, 0, 0, 0, 0, 0, 39084, 0, 0, 0, 'Fireworks Green Bunny', '', '', 0, 60, 60, 0, 0, 125, 125, 0, 1, 1.14286, 1, 0, 197.6, 262.2, 0, 479, 1, 2000, 0, 1, 33536, 2048, 0, 0, 0, 0, 0, 136.8, 201.4, 34, 7, 0, 0, 0, 0, 0, 0, 0, 0, 0, 0, 0, 0, 0, 0, 0, 0, 0, 0, 0, 0, 0, 0, 0, 'SmartAI', 0, 3, 1, 1, 1, 1, 1, 0, 0, 0, 0, 0, 0, 0, 0, 1, 0, 0, '', 15595);
DELETE FROM `creature_template_addon` WHERE (`entry`='391267');
DELETE FROM smart_scripts WHERE entryorguid IN (391267);
INSERT INTO `smart_scripts` VALUES (391267, 0, 1, 0, 1, 0, 100, 0, 7000,7000,7000,7000, 11, 26490, 0, 0, 0, 0, 0, 1, 0, 0, 0, 0, 0, 0, 0, 'Launch Green Fireworks');

DELETE FROM `creature_template` WHERE (`entry`='391268');
INSERT INTO `creature_template` VALUES (391268, 0, 0, 0, 0, 0, 39084, 0, 0, 0, 'Fireworks Blue Bunny', '', '', 0, 60, 60, 0, 0, 125, 125, 0, 1, 1.14286, 1, 0, 197.6, 262.2, 0, 479, 1, 2000, 0, 1, 33536, 2048, 0, 0, 0, 0, 0, 136.8, 201.4, 34, 7, 0, 0, 0, 0, 0, 0, 0, 0, 0, 0, 0, 0, 0, 0, 0, 0, 0, 0, 0, 0, 0, 0, 0, 'SmartAI', 0, 3, 1, 1, 1, 1, 1, 0, 0, 0, 0, 0, 0, 0, 0, 1, 0, 0, '', 15595);
DELETE FROM `creature_template_addon` WHERE (`entry`='391268');
DELETE FROM smart_scripts WHERE entryorguid IN (391268);
INSERT INTO `smart_scripts` VALUES (391268, 0, 1, 0, 1, 0, 100, 0, 4000,4000,4000,4000, 11, 26488, 0, 0, 0, 0, 0, 1, 0, 0, 0, 0, 0, 0, 0, 'Launch Blue Fireworks');

DELETE FROM `creature_template` WHERE (`entry`='391269');
INSERT INTO `creature_template` VALUES (391269, 0, 0, 0, 0, 0, 39084, 0, 0, 0, 'Fireworks Red Bunny', '', '', 0, 60, 60, 0, 0, 125, 125, 0, 1, 1.14286, 1, 0, 197.6, 262.2, 0, 479, 1, 2000, 0, 1, 33536, 2048, 0, 0, 0, 0, 0, 136.8, 201.4, 34, 7, 0, 0, 0, 0, 0, 0, 0, 0, 0, 0, 0, 0, 0, 0, 0, 0, 0, 0, 0, 0, 0, 0, 0, 'SmartAI', 0, 3, 1, 1, 1, 1, 1, 0, 0, 0, 0, 0, 0, 0, 0, 1, 0, 0, '', 15595);
DELETE FROM `creature_template_addon` WHERE (`entry`='391269');
DELETE FROM smart_scripts WHERE entryorguid IN (391269);
INSERT INTO `smart_scripts` VALUES (391269, 0, 1, 0, 1, 0, 100, 0, 6000,6000,6000,6000, 11, 26517, 0, 0, 0, 0, 0, 1, 0, 0, 0, 0, 0, 0, 0, 'Launch Red Fireworks');

DELETE FROM `creature_template` WHERE (`entry`='391270');
INSERT INTO `creature_template` VALUES (391270, 0, 0, 0, 0, 0, 39084, 0, 0, 0, 'Fireworks White Bunny', '', '', 0, 60, 60, 0, 0, 125, 125, 0, 1, 1.14286, 1, 0, 197.6, 262.2, 0, 479, 1, 2000, 0, 1, 33536, 2048, 0, 0, 0, 0, 0, 136.8, 201.4, 34, 7, 0, 0, 0, 0, 0, 0, 0, 0, 0, 0, 0, 0, 0, 0, 0, 0, 0, 0, 0, 0, 0, 0, 0, 'SmartAI', 0, 3, 1, 1, 1, 1, 1, 0, 0, 0, 0, 0, 0, 0, 0, 1, 0, 0, '', 15595);
DELETE FROM `creature_template_addon` WHERE (`entry`='391270');
DELETE FROM smart_scripts WHERE entryorguid IN (391270);
INSERT INTO `smart_scripts` VALUES (391270, 0, 1, 0, 1, 0, 100, 0, 2000,2000,2000,2000, 11, 26518, 0, 0, 0, 0, 0, 1, 0, 0, 0, 0, 0, 0, 0, 'Launch White Fireworks');

DELETE FROM `creature_template` WHERE (`entry`='391271');
INSERT INTO `creature_template` VALUES (391271, 0, 0, 0, 0, 0, 39084, 0, 0, 0, 'Fireworks Yellow Bunny', '', '', 0, 60, 60, 0, 0, 125, 125, 0, 1, 1.14286, 1, 0, 197.6, 262.2, 0, 479, 1, 2000, 0, 1, 33536, 2048, 0, 0, 0, 0, 0, 136.8, 201.4, 34, 7, 0, 0, 0, 0, 0, 0, 0, 0, 0, 0, 0, 0, 0, 0, 0, 0, 0, 0, 0, 0, 0, 0, 0, 'SmartAI', 0, 3, 1, 1, 1, 1, 1, 0, 0, 0, 0, 0, 0, 0, 0, 1, 0, 0, '', 15595);
DELETE FROM `creature_template_addon` WHERE (`entry`='391271');
DELETE FROM smart_scripts WHERE entryorguid IN (391271);
INSERT INTO `smart_scripts` VALUES (391271, 0, 1, 0, 1, 0, 100, 0, 3000,3000,3000,3000, 11, 26519, 0, 0, 0, 0, 0, 1, 0, 0, 0, 0, 0, 0, 0, 'Launch Yellow Fireworks');

DELETE FROM `gameobject` WHERE `id` IN (180859);
insert into `gameobject` (`guid`, `id`, `map`, `spawnMask`, `phaseMask`, `position_x`, `position_y`, `position_z`, `orientation`, `rotation0`, `rotation1`, `rotation2`, `rotation3`, `spawntimesecs`, `animprogress`, `state`) values('8500000','180859','1','1','3969','1473.34','-4378.95','78.0432','0.312171','0','0','0.155453','0.987843','300','0','1');
insert into `gameobject` (`guid`, `id`, `map`, `spawnMask`, `phaseMask`, `position_x`, `position_y`, `position_z`, `orientation`, `rotation0`, `rotation1`, `rotation2`, `rotation3`, `spawntimesecs`, `animprogress`, `state`) values('8500001','180859','1','1','3969','1472.65','-4394.85','77.4437','1.66304','0','0','0.738957','0.673753','300','0','1');
insert into `gameobject` (`guid`, `id`, `map`, `spawnMask`, `phaseMask`, `position_x`, `position_y`, `position_z`, `orientation`, `rotation0`, `rotation1`, `rotation2`, `rotation3`, `spawntimesecs`, `animprogress`, `state`) values('8500002','180859','1','1','3969','1478.12','-4412.76','78.4409','5.62144','0','0','0.324869','-0.945759','300','0','1');
insert into `gameobject` (`guid`, `id`, `map`, `spawnMask`, `phaseMask`, `position_x`, `position_y`, `position_z`, `orientation`, `rotation0`, `rotation1`, `rotation2`, `rotation3`, `spawntimesecs`, `animprogress`, `state`) values('8500003','180859','1','1','3969','1483.65','-4427.64','78.7225','5.48792','0','0','0.387237','-0.92198','300','0','1');
insert into `gameobject` (`guid`, `id`, `map`, `spawnMask`, `phaseMask`, `position_x`, `position_y`, `position_z`, `orientation`, `rotation0`, `rotation1`, `rotation2`, `rotation3`, `spawntimesecs`, `animprogress`, `state`) values('8500004','180859','1','1','3969','1485.21','-4448.82','77.5571','1.87116','0','0','0.804945','0.59335','300','0','1');
insert into `gameobject` (`guid`, `id`, `map`, `spawnMask`, `phaseMask`, `position_x`, `position_y`, `position_z`, `orientation`, `rotation0`, `rotation1`, `rotation2`, `rotation3`, `spawntimesecs`, `animprogress`, `state`) values('8500005','180859','1','1','3969','1488.42','-4468.91','77.8203','2.7626','0','0','0.982099','0.188363','300','0','1');
insert into `gameobject` (`guid`, `id`, `map`, `spawnMask`, `phaseMask`, `position_x`, `position_y`, `position_z`, `orientation`, `rotation0`, `rotation1`, `rotation2`, `rotation3`, `spawntimesecs`, `animprogress`, `state`) values('8500006','180859','1','1','3969','1513.01','-4463.64','67.2291','0.748046','0','0','0.365363','0.930865','300','0','1');
insert into `gameobject` (`guid`, `id`, `map`, `spawnMask`, `phaseMask`, `position_x`, `position_y`, `position_z`, `orientation`, `rotation0`, `rotation1`, `rotation2`, `rotation3`, `spawntimesecs`, `animprogress`, `state`) values('8500007','180859','1','1','3969','1525.83','-4458.86','69.3551','0.810879','0','0','0.394422','0.918929','300','0','1');
insert into `gameobject` (`guid`, `id`, `map`, `spawnMask`, `phaseMask`, `position_x`, `position_y`, `position_z`, `orientation`, `rotation0`, `rotation1`, `rotation2`, `rotation3`, `spawntimesecs`, `animprogress`, `state`) values('8500008','180859','1','1','3969','1541.84','-4452.6','70.0983','6.09661','0','0','0.0931528','-0.995652','300','0','1');
insert into `gameobject` (`guid`, `id`, `map`, `spawnMask`, `phaseMask`, `position_x`, `position_y`, `position_z`, `orientation`, `rotation0`, `rotation1`, `rotation2`, `rotation3`, `spawntimesecs`, `animprogress`, `state`) values('8500009','180859','1','1','3969','1532.92','-4455.98','70.5873','5.19341','0','0','0.518324','-0.855184','300','0','1');
insert into `gameobject` (`guid`, `id`, `map`, `spawnMask`, `phaseMask`, `position_x`, `position_y`, `position_z`, `orientation`, `rotation0`, `rotation1`, `rotation2`, `rotation3`, `spawntimesecs`, `animprogress`, `state`) values('8500010','180859','1','1','3969','1496.35','-4357.25','73.2656','3.48517','0','0','0.985281','-0.170943','300','0','1');
insert into `gameobject` (`guid`, `id`, `map`, `spawnMask`, `phaseMask`, `position_x`, `position_y`, `position_z`, `orientation`, `rotation0`, `rotation1`, `rotation2`, `rotation3`, `spawntimesecs`, `animprogress`, `state`) values('8500011','180859','1','1','3969','1506.28','-4358.51','74.1938','6.09269','0','0','0.095103','-0.995467','300','0','1');
insert into `gameobject` (`guid`, `id`, `map`, `spawnMask`, `phaseMask`, `position_x`, `position_y`, `position_z`, `orientation`, `rotation0`, `rotation1`, `rotation2`, `rotation3`, `spawntimesecs`, `animprogress`, `state`) values('8500012','180859','1','1','3969','1515.46','-4359.02','76.8306','0.0804674','0','0','0.0402229','0.999191','300','0','1');
insert into `gameobject` (`guid`, `id`, `map`, `spawnMask`, `phaseMask`, `position_x`, `position_y`, `position_z`, `orientation`, `rotation0`, `rotation1`, `rotation2`, `rotation3`, `spawntimesecs`, `animprogress`, `state`) values('8500013','180859','1','1','3969','1472.36','-4362.47','108.877','3.33987','0','0','0.99509','-0.0989767','300','0','1');
insert into `gameobject` (`guid`, `id`, `map`, `spawnMask`, `phaseMask`, `position_x`, `position_y`, `position_z`, `orientation`, `rotation0`, `rotation1`, `rotation2`, `rotation3`, `spawntimesecs`, `animprogress`, `state`) values('8500014','180859','1','1','3969','1460.14','-4357.13','108.956','2.472','0','0','0.944477','0.328576','300','0','1');
insert into `gameobject` (`guid`, `id`, `map`, `spawnMask`, `phaseMask`, `position_x`, `position_y`, `position_z`, `orientation`, `rotation0`, `rotation1`, `rotation2`, `rotation3`, `spawntimesecs`, `animprogress`, `state`) values('8500015','180859','1','1','3969','1484.14','-4357.26','108.107','0.347498','0','0','0.172876','0.984944','300','0','1');
insert into `gameobject` (`guid`, `id`, `map`, `spawnMask`, `phaseMask`, `position_x`, `position_y`, `position_z`, `orientation`, `rotation0`, `rotation1`, `rotation2`, `rotation3`, `spawntimesecs`, `animprogress`, `state`) values('8500016','180859','1','1','3969','1490.98','-4345.87','108.357','1.60021','0','0','0.717429','0.696632','300','0','1');
insert into `gameobject` (`guid`, `id`, `map`, `spawnMask`, `phaseMask`, `position_x`, `position_y`, `position_z`, `orientation`, `rotation0`, `rotation1`, `rotation2`, `rotation3`, `spawntimesecs`, `animprogress`, `state`) values('8500017','180859','1','1','3969','1506.14','-4400.54','23.6592','6.18302','0','0','0.0500626','-0.998746','300','0','1');
insert into `gameobject` (`guid`, `id`, `map`, `spawnMask`, `phaseMask`, `position_x`, `position_y`, `position_z`, `orientation`, `rotation0`, `rotation1`, `rotation2`, `rotation3`, `spawntimesecs`, `animprogress`, `state`) values('8500018','180859','1','1','3969','1494.56','-4400.99','24.475','3.01787','0','0','0.998087','0.061821','300','0','1');
insert into `gameobject` (`guid`, `id`, `map`, `spawnMask`, `phaseMask`, `position_x`, `position_y`, `position_z`, `orientation`, `rotation0`, `rotation1`, `rotation2`, `rotation3`, `spawntimesecs`, `animprogress`, `state`) values('8500019','180859','1','1','3969','1503.95','-4431.45','25.0074','0.34358','0','0','0.170946','0.98528','300','0','1');
insert into `gameobject` (`guid`, `id`, `map`, `spawnMask`, `phaseMask`, `position_x`, `position_y`, `position_z`, `orientation`, `rotation0`, `rotation1`, `rotation2`, `rotation3`, `spawntimesecs`, `animprogress`, `state`) values('8500020','180859','1','1','3969','1511.59','-4436.96','24.0477','5.41333','0','0','0.421346','-0.9069','300','0','1');
insert into `gameobject` (`guid`, `id`, `map`, `spawnMask`, `phaseMask`, `position_x`, `position_y`, `position_z`, `orientation`, `rotation0`, `rotation1`, `rotation2`, `rotation3`, `spawntimesecs`, `animprogress`, `state`) values('8500021','180859','1','1','3969','1482.32','-4474.01','107.247','0.0176427','0','0','0.00882125','0.999961','300','0','1');
insert into `gameobject` (`guid`, `id`, `map`, `spawnMask`, `phaseMask`, `position_x`, `position_y`, `position_z`, `orientation`, `rotation0`, `rotation1`, `rotation2`, `rotation3`, `spawntimesecs`, `animprogress`, `state`) values('8500022','180859','1','1','3969','1495.82','-4474.9','107.693','3.89359','0','0','0.930142','-0.3672','300','0','1');
insert into `gameobject` (`guid`, `id`, `map`, `spawnMask`, `phaseMask`, `position_x`, `position_y`, `position_z`, `orientation`, `rotation0`, `rotation1`, `rotation2`, `rotation3`, `spawntimesecs`, `animprogress`, `state`) values('8500023','180859','1','1','3969','1510.17','-4483.51','107.29','0.0333426','0','0','0.0166705','0.999861','300','0','1');
insert into `gameobject` (`guid`, `id`, `map`, `spawnMask`, `phaseMask`, `position_x`, `position_y`, `position_z`, `orientation`, `rotation0`, `rotation1`, `rotation2`, `rotation3`, `spawntimesecs`, `animprogress`, `state`) values('8500024','180859','1','1','3969','1537.89','-4473.55','73.0224','3.96818','0','0','0.915802','-0.401629','300','0','1');
insert into `gameobject` (`guid`, `id`, `map`, `spawnMask`, `phaseMask`, `position_x`, `position_y`, `position_z`, `orientation`, `rotation0`, `rotation1`, `rotation2`, `rotation3`, `spawntimesecs`, `animprogress`, `state`) values('8500025','180859','1','1','3969','1525.67','-4478.41','72.0978','0.47316','0','0','0.234379','0.972145','300','0','1');
insert into `gameobject` (`guid`, `id`, `map`, `spawnMask`, `phaseMask`, `position_x`, `position_y`, `position_z`, `orientation`, `rotation0`, `rotation1`, `rotation2`, `rotation3`, `spawntimesecs`, `animprogress`, `state`) values('8500026','180859','1','1','3969','1549.66','-4466.69','73.6038','2.53876','0','0','0.954917','0.296874','300','0','1');
insert into `gameobject` (`guid`, `id`, `map`, `spawnMask`, `phaseMask`, `position_x`, `position_y`, `position_z`, `orientation`, `rotation0`, `rotation1`, `rotation2`, `rotation3`, `spawntimesecs`, `animprogress`, `state`) values('8500027','180859','1','1','3969','1497.46','-4426.3','70.5635','0.0647513','0','0','0.03237','0.999476','300','0','1');
insert into `gameobject` (`guid`, `id`, `map`, `spawnMask`, `phaseMask`, `position_x`, `position_y`, `position_z`, `orientation`, `rotation0`, `rotation1`, `rotation2`, `rotation3`, `spawntimesecs`, `animprogress`, `state`) values('8500028','180859','1','1','3969','1495.16','-4410.03','70.6983','6.0377','0','0','0.122432','-0.992477','300','0','1');
insert into `gameobject` (`guid`, `id`, `map`, `spawnMask`, `phaseMask`, `position_x`, `position_y`, `position_z`, `orientation`, `rotation0`, `rotation1`, `rotation2`, `rotation3`, `spawntimesecs`, `animprogress`, `state`) values('8500029','180859','1','1','3969','1526.08','-4376.3','81.8972','4.6829','0','0','0.717454','-0.696606','300','0','1');
insert into `gameobject` (`guid`, `id`, `map`, `spawnMask`, `phaseMask`, `position_x`, `position_y`, `position_z`, `orientation`, `rotation0`, `rotation1`, `rotation2`, `rotation3`, `spawntimesecs`, `animprogress`, `state`) values('8500030','180859','1','1','3969','1489.93','-4382.4','70.5239','0.457441','0','0','0.226732','0.973957','300','0','1');
insert into `gameobject` (`guid`, `id`, `map`, `spawnMask`, `phaseMask`, `position_x`, `position_y`, `position_z`, `orientation`, `rotation0`, `rotation1`, `rotation2`, `rotation3`, `spawntimesecs`, `animprogress`, `state`) values('8500031','180859','0','1','3969','-8979.84','646.216','138.901','5.34629','0','0','0.451501','-0.892271','300','0','1');
insert into `gameobject` (`guid`, `id`, `map`, `spawnMask`, `phaseMask`, `position_x`, `position_y`, `position_z`, `orientation`, `rotation0`, `rotation1`, `rotation2`, `rotation3`, `spawntimesecs`, `animprogress`, `state`) values('8500032','180859','0','1','3969','-8966.89','630.626','138.901','5.30309','0','0','0.470667','-0.882311','300','0','1');
insert into `gameobject` (`guid`, `id`, `map`, `spawnMask`, `phaseMask`, `position_x`, `position_y`, `position_z`, `orientation`, `rotation0`, `rotation1`, `rotation2`, `rotation3`, `spawntimesecs`, `animprogress`, `state`) values('8500033','180859','0','1','3969','-8954.98','614.643','138.901','5.42483','0','0','0.416125','-0.909307','300','0','1');
insert into `gameobject` (`guid`, `id`, `map`, `spawnMask`, `phaseMask`, `position_x`, `position_y`, `position_z`, `orientation`, `rotation0`, `rotation1`, `rotation2`, `rotation3`, `spawntimesecs`, `animprogress`, `state`) values('8500034','180859','0','1','3969','-8949.72','631.373','129.263','2.31072','0','0','0.91494','0.403589','300','0','1');
insert into `gameobject` (`guid`, `id`, `map`, `spawnMask`, `phaseMask`, `position_x`, `position_y`, `position_z`, `orientation`, `rotation0`, `rotation1`, `rotation2`, `rotation3`, `spawntimesecs`, `animprogress`, `state`) values('8500035','180859','0','1','3969','-8965.9','652.014','129.274','2.20862','0','0','0.893154','0.449751','300','0','1');
insert into `gameobject` (`guid`, `id`, `map`, `spawnMask`, `phaseMask`, `position_x`, `position_y`, `position_z`, `orientation`, `rotation0`, `rotation1`, `rotation2`, `rotation3`, `spawntimesecs`, `animprogress`, `state`) values('8500036','180859','0','1','3969','-8921.42','614.485','145.472','4.98107','0','0','0.60603','-0.795442','300','0','1');
insert into `gameobject` (`guid`, `id`, `map`, `spawnMask`, `phaseMask`, `position_x`, `position_y`, `position_z`, `orientation`, `rotation0`, `rotation1`, `rotation2`, `rotation3`, `spawntimesecs`, `animprogress`, `state`) values('8500037','180859','0','1','3969','-8910.08','609.58','145.471','5.49157','0','0','0.385554','-0.922685','300','0','1');
insert into `gameobject` (`guid`, `id`, `map`, `spawnMask`, `phaseMask`, `position_x`, `position_y`, `position_z`, `orientation`, `rotation0`, `rotation1`, `rotation2`, `rotation3`, `spawntimesecs`, `animprogress`, `state`) values('8500038','180859','0','1','3969','-8903.57','584.854','145.466','4.28992','0','0','0.839646','-0.543134','300','0','1');
insert into `gameobject` (`guid`, `id`, `map`, `spawnMask`, `phaseMask`, `position_x`, `position_y`, `position_z`, `orientation`, `rotation0`, `rotation1`, `rotation2`, `rotation3`, `spawntimesecs`, `animprogress`, `state`) values('8500039','180859','0','1','3969','-8897.92','570.847','116.226','0.433611','0','0','0.215111','0.97659','300','0','1');
insert into `gameobject` (`guid`, `id`, `map`, `spawnMask`, `phaseMask`, `position_x`, `position_y`, `position_z`, `orientation`, `rotation0`, `rotation1`, `rotation2`, `rotation3`, `spawntimesecs`, `animprogress`, `state`) values('8500040','180859','0','1','3969','-8886.77','555.524','115.843','5.28738','0','0','0.477585','-0.878586','300','0','1');
insert into `gameobject` (`guid`, `id`, `map`, `spawnMask`, `phaseMask`, `position_x`, `position_y`, `position_z`, `orientation`, `rotation0`, `rotation1`, `rotation2`, `rotation3`, `spawntimesecs`, `animprogress`, `state`) values('8500041','180859','0','1','3969','-8882.47','554.185','145.463','5.52691','0','0','0.369189','-0.929354','300','0','1');
insert into `gameobject` (`guid`, `id`, `map`, `spawnMask`, `phaseMask`, `position_x`, `position_y`, `position_z`, `orientation`, `rotation0`, `rotation1`, `rotation2`, `rotation3`, `spawntimesecs`, `animprogress`, `state`) values('8500042','180859','0','1','3969','-8867.79','554.032','145.471','6.0335','0','0','0.124521','-0.992217','300','0','1');
insert into `gameobject` (`guid`, `id`, `map`, `spawnMask`, `phaseMask`, `position_x`, `position_y`, `position_z`, `orientation`, `rotation0`, `rotation1`, `rotation2`, `rotation3`, `spawntimesecs`, `animprogress`, `state`) values('8500043','180859','0','1','3969','-8860.82','537.565','142.579','5.20492','0','0','0.513393','-0.858154','300','0','1');
insert into `gameobject` (`guid`, `id`, `map`, `spawnMask`, `phaseMask`, `position_x`, `position_y`, `position_z`, `orientation`, `rotation0`, `rotation1`, `rotation2`, `rotation3`, `spawntimesecs`, `animprogress`, `state`) values('8500044','180859','0','1','3969','-8846.2','501.491','138.937','5.3188','0','0','0.463724','-0.88598','300','0','1');
insert into `gameobject` (`guid`, `id`, `map`, `spawnMask`, `phaseMask`, `position_x`, `position_y`, `position_z`, `orientation`, `rotation0`, `rotation1`, `rotation2`, `rotation3`, `spawntimesecs`, `animprogress`, `state`) values('8500045','180859','0','1','3969','-8830.74','482.857','138.934','5.47587','0','0','0.392783','-0.919631','300','0','1');
insert into `gameobject` (`guid`, `id`, `map`, `spawnMask`, `phaseMask`, `position_x`, `position_y`, `position_z`, `orientation`, `rotation0`, `rotation1`, `rotation2`, `rotation3`, `spawntimesecs`, `animprogress`, `state`) values('8500046','180859','0','1','3969','-8815.54','464.566','138.939','5.06187','0','0','0.573405','-0.819272','300','0','1');
insert into `gameobject` (`guid`, `id`, `map`, `spawnMask`, `phaseMask`, `position_x`, `position_y`, `position_z`, `orientation`, `rotation0`, `rotation1`, `rotation2`, `rotation3`, `spawntimesecs`, `animprogress`, `state`) values('8500047','180859','0','1','3969','-8808.67','455.058','159.434','5.44278','0','0','0.407945','-0.913007','300','0','1');
insert into `gameobject` (`guid`, `id`, `map`, `spawnMask`, `phaseMask`, `position_x`, `position_y`, `position_z`, `orientation`, `rotation0`, `rotation1`, `rotation2`, `rotation3`, `spawntimesecs`, `animprogress`, `state`) values('8500048','180859','0','1','3969','-8790.59','456.116','159.433','2.30904','0','0','0.914602','0.404356','300','0','1');
insert into `gameobject` (`guid`, `id`, `map`, `spawnMask`, `phaseMask`, `position_x`, `position_y`, `position_z`, `orientation`, `rotation0`, `rotation1`, `rotation2`, `rotation3`, `spawntimesecs`, `animprogress`, `state`) values('8500049','180859','0','1','3969','-8780.37','445.959','159.433','0.596872','0','0','0.294026','0.955798','300','0','1');
insert into `gameobject` (`guid`, `id`, `map`, `spawnMask`, `phaseMask`, `position_x`, `position_y`, `position_z`, `orientation`, `rotation0`, `rotation1`, `rotation2`, `rotation3`, `spawntimesecs`, `animprogress`, `state`) values('8500050','180859','0','1','3969','-8835.05','460.843','143.4','0.663631','0','0','0.32576','0.945453','300','0','1');
insert into `gameobject` (`guid`, `id`, `map`, `spawnMask`, `phaseMask`, `position_x`, `position_y`, `position_z`, `orientation`, `rotation0`, `rotation1`, `rotation2`, `rotation3`, `spawntimesecs`, `animprogress`, `state`) values('8500051','180859','0','1','3969','-8854.62','479.357','143.762','2.3758','0','0','0.927586','0.373609','300','0','1');
insert into `gameobject` (`guid`, `id`, `map`, `spawnMask`, `phaseMask`, `position_x`, `position_y`, `position_z`, `orientation`, `rotation0`, `rotation1`, `rotation2`, `rotation3`, `spawntimesecs`, `animprogress`, `state`) values('8500052','180859','0','1','3969','-8859.63','533.995','162.202','1.71606','0','0','0.756557','0.653927','300','0','1');
insert into `gameobject` (`guid`, `id`, `map`, `spawnMask`, `phaseMask`, `position_x`, `position_y`, `position_z`, `orientation`, `rotation0`, `rotation1`, `rotation2`, `rotation3`, `spawntimesecs`, `animprogress`, `state`) values('8500053','180859','0','1','3969','-8880.64','552.972','162.261','2.55251','0','0','0.956936','0.290299','300','0','1');
insert into `gameobject` (`guid`, `id`, `map`, `spawnMask`, `phaseMask`, `position_x`, `position_y`, `position_z`, `orientation`, `rotation0`, `rotation1`, `rotation2`, `rotation3`, `spawntimesecs`, `animprogress`, `state`) values('8500054','180859','0','1','3969','-8909.39','580.387','162.261','1.5472','0','0','0.698717','0.715399','300','0','1');
insert into `gameobject` (`guid`, `id`, `map`, `spawnMask`, `phaseMask`, `position_x`, `position_y`, `position_z`, `orientation`, `rotation0`, `rotation1`, `rotation2`, `rotation3`, `spawntimesecs`, `animprogress`, `state`) values('8500055','180859','0','1','3969','-8912.87','598.26','158.546','1.7357','0','0','0.762941','0.646469','300','0','1');
insert into `gameobject` (`guid`, `id`, `map`, `spawnMask`, `phaseMask`, `position_x`, `position_y`, `position_z`, `orientation`, `rotation0`, `rotation1`, `rotation2`, `rotation3`, `spawntimesecs`, `animprogress`, `state`) values('8500056','180859','0','1','3969','-8917.41','609.285','162.202','5.63521','0','0','0.318351','-0.947973','300','0','1');
insert into `gameobject` (`guid`, `id`, `map`, `spawnMask`, `phaseMask`, `position_x`, `position_y`, `position_z`, `orientation`, `rotation0`, `rotation1`, `rotation2`, `rotation3`, `spawntimesecs`, `animprogress`, `state`) values('8500057','180859','0','1','3969','-8977.22','674.214','159.434','1.81032','0','0','0.786523','0.617561','300','0','1');
insert into `gameobject` (`guid`, `id`, `map`, `spawnMask`, `phaseMask`, `position_x`, `position_y`, `position_z`, `orientation`, `rotation0`, `rotation1`, `rotation2`, `rotation3`, `spawntimesecs`, `animprogress`, `state`) values('8500058','180859','0','1','3969','-8979.73','688.015','159.433','2.0263','0','0','0.848503','0.52919','300','0','1');
insert into `gameobject` (`guid`, `id`, `map`, `spawnMask`, `phaseMask`, `position_x`, `position_y`, `position_z`, `orientation`, `rotation0`, `rotation1`, `rotation2`, `rotation3`, `spawntimesecs`, `animprogress`, `state`) values('8500059','180859','0','1','3969','-8988.67','661.133','159.434','5.12469','0','0','0.547396','-0.836874','300','0','1');
insert into `gameobject` (`guid`, `id`, `map`, `spawnMask`, `phaseMask`, `position_x`, `position_y`, `position_z`, `orientation`, `rotation0`, `rotation1`, `rotation2`, `rotation3`, `spawntimesecs`, `animprogress`, `state`) values('8500060','180859','0','1','3969','-8892.59','595.028','107.371','5.06168','0','0','0.573483','-0.819217','300','0','1');
insert into `gameobject` (`guid`, `id`, `map`, `spawnMask`, `phaseMask`, `position_x`, `position_y`, `position_z`, `orientation`, `rotation0`, `rotation1`, `rotation2`, `rotation3`, `spawntimesecs`, `animprogress`, `state`) values('8500061','180859','0','1','3969','-8876.37','557.99','99.8653','4.31555','0','0','0.832617','-0.553849','300','0','1');
insert into `gameobject` (`guid`, `id`, `map`, `spawnMask`, `phaseMask`, `position_x`, `position_y`, `position_z`, `orientation`, `rotation0`, `rotation1`, `rotation2`, `rotation3`, `spawntimesecs`, `animprogress`, `state`) values('8500062','180859','0','1','3969','-8879.79','566.91','93.5635','4.30377','0','0','0.835866','-0.548934','300','0','1');
insert into `gameobject` (`guid`, `id`, `map`, `spawnMask`, `phaseMask`, `position_x`, `position_y`, `position_z`, `orientation`, `rotation0`, `rotation1`, `rotation2`, `rotation3`, `spawntimesecs`, `animprogress`, `state`) values('8500063','180859','0','1','3969','-8893.68','582.16','93.1931','3.02357','0','0','0.998259','0.0589771','300','0','1');

DELETE FROM `game_event_gameobject` WHERE (`eventEntry`='65');
INSERT INTO `game_event_gameobject` (`eventEntry`, `guid`) VALUES ('65', '8500000');
INSERT INTO `game_event_gameobject` (`eventEntry`, `guid`) VALUES ('65', '8500001');
INSERT INTO `game_event_gameobject` (`eventEntry`, `guid`) VALUES ('65', '8500002');
INSERT INTO `game_event_gameobject` (`eventEntry`, `guid`) VALUES ('65', '8500003');
INSERT INTO `game_event_gameobject` (`eventEntry`, `guid`) VALUES ('65', '8500004');
INSERT INTO `game_event_gameobject` (`eventEntry`, `guid`) VALUES ('65', '8500005');
INSERT INTO `game_event_gameobject` (`eventEntry`, `guid`) VALUES ('65', '8500006');
INSERT INTO `game_event_gameobject` (`eventEntry`, `guid`) VALUES ('65', '8500007');
INSERT INTO `game_event_gameobject` (`eventEntry`, `guid`) VALUES ('65', '8500008');
INSERT INTO `game_event_gameobject` (`eventEntry`, `guid`) VALUES ('65', '8500009');
INSERT INTO `game_event_gameobject` (`eventEntry`, `guid`) VALUES ('65', '8500010');
INSERT INTO `game_event_gameobject` (`eventEntry`, `guid`) VALUES ('65', '8500011');
INSERT INTO `game_event_gameobject` (`eventEntry`, `guid`) VALUES ('65', '8500012');
INSERT INTO `game_event_gameobject` (`eventEntry`, `guid`) VALUES ('65', '8500013');
INSERT INTO `game_event_gameobject` (`eventEntry`, `guid`) VALUES ('65', '8500014');
INSERT INTO `game_event_gameobject` (`eventEntry`, `guid`) VALUES ('65', '8500015');
INSERT INTO `game_event_gameobject` (`eventEntry`, `guid`) VALUES ('65', '8500016');
INSERT INTO `game_event_gameobject` (`eventEntry`, `guid`) VALUES ('65', '8500017');
INSERT INTO `game_event_gameobject` (`eventEntry`, `guid`) VALUES ('65', '8500018');
INSERT INTO `game_event_gameobject` (`eventEntry`, `guid`) VALUES ('65', '8500019');
INSERT INTO `game_event_gameobject` (`eventEntry`, `guid`) VALUES ('65', '8500020');
INSERT INTO `game_event_gameobject` (`eventEntry`, `guid`) VALUES ('65', '8500021');
INSERT INTO `game_event_gameobject` (`eventEntry`, `guid`) VALUES ('65', '8500022');
INSERT INTO `game_event_gameobject` (`eventEntry`, `guid`) VALUES ('65', '8500023');
INSERT INTO `game_event_gameobject` (`eventEntry`, `guid`) VALUES ('65', '8500024');
INSERT INTO `game_event_gameobject` (`eventEntry`, `guid`) VALUES ('65', '8500025');
INSERT INTO `game_event_gameobject` (`eventEntry`, `guid`) VALUES ('65', '8500026');
INSERT INTO `game_event_gameobject` (`eventEntry`, `guid`) VALUES ('65', '8500027');
INSERT INTO `game_event_gameobject` (`eventEntry`, `guid`) VALUES ('65', '8500028');
INSERT INTO `game_event_gameobject` (`eventEntry`, `guid`) VALUES ('65', '8500029');
INSERT INTO `game_event_gameobject` (`eventEntry`, `guid`) VALUES ('65', '8500030');
INSERT INTO `game_event_gameobject` (`eventEntry`, `guid`) VALUES ('65', '8500031');
INSERT INTO `game_event_gameobject` (`eventEntry`, `guid`) VALUES ('65', '8500032');
INSERT INTO `game_event_gameobject` (`eventEntry`, `guid`) VALUES ('65', '8500033');
INSERT INTO `game_event_gameobject` (`eventEntry`, `guid`) VALUES ('65', '8500034');
INSERT INTO `game_event_gameobject` (`eventEntry`, `guid`) VALUES ('65', '8500035');
INSERT INTO `game_event_gameobject` (`eventEntry`, `guid`) VALUES ('65', '8500036');
INSERT INTO `game_event_gameobject` (`eventEntry`, `guid`) VALUES ('65', '8500037');
INSERT INTO `game_event_gameobject` (`eventEntry`, `guid`) VALUES ('65', '8500038');
INSERT INTO `game_event_gameobject` (`eventEntry`, `guid`) VALUES ('65', '8500039');
INSERT INTO `game_event_gameobject` (`eventEntry`, `guid`) VALUES ('65', '8500040');
INSERT INTO `game_event_gameobject` (`eventEntry`, `guid`) VALUES ('65', '8500041');
INSERT INTO `game_event_gameobject` (`eventEntry`, `guid`) VALUES ('65', '8500042');
INSERT INTO `game_event_gameobject` (`eventEntry`, `guid`) VALUES ('65', '8500043');
INSERT INTO `game_event_gameobject` (`eventEntry`, `guid`) VALUES ('65', '8500044');
INSERT INTO `game_event_gameobject` (`eventEntry`, `guid`) VALUES ('65', '8500045');
INSERT INTO `game_event_gameobject` (`eventEntry`, `guid`) VALUES ('65', '8500046');
INSERT INTO `game_event_gameobject` (`eventEntry`, `guid`) VALUES ('65', '8500047');
INSERT INTO `game_event_gameobject` (`eventEntry`, `guid`) VALUES ('65', '8500048');
INSERT INTO `game_event_gameobject` (`eventEntry`, `guid`) VALUES ('65', '8500049');
INSERT INTO `game_event_gameobject` (`eventEntry`, `guid`) VALUES ('65', '8500050');
INSERT INTO `game_event_gameobject` (`eventEntry`, `guid`) VALUES ('65', '8500051');
INSERT INTO `game_event_gameobject` (`eventEntry`, `guid`) VALUES ('65', '8500052');
INSERT INTO `game_event_gameobject` (`eventEntry`, `guid`) VALUES ('65', '8500053');
INSERT INTO `game_event_gameobject` (`eventEntry`, `guid`) VALUES ('65', '8500054');
INSERT INTO `game_event_gameobject` (`eventEntry`, `guid`) VALUES ('65', '8500055');
INSERT INTO `game_event_gameobject` (`eventEntry`, `guid`) VALUES ('65', '8500056');
INSERT INTO `game_event_gameobject` (`eventEntry`, `guid`) VALUES ('65', '8500057');
INSERT INTO `game_event_gameobject` (`eventEntry`, `guid`) VALUES ('65', '8500058');
INSERT INTO `game_event_gameobject` (`eventEntry`, `guid`) VALUES ('65', '8500059');
INSERT INTO `game_event_gameobject` (`eventEntry`, `guid`) VALUES ('65', '8500060');
INSERT INTO `game_event_gameobject` (`eventEntry`, `guid`) VALUES ('65', '8500061');
INSERT INTO `game_event_gameobject` (`eventEntry`, `guid`) VALUES ('65', '8500062');
INSERT INTO `game_event_gameobject` (`eventEntry`, `guid`) VALUES ('65', '8500063');

DELETE FROM `creature` WHERE `id` IN ('391266', '391267', '391268', '391269', '391270', '391271');
insert into `creature` (`guid`, `id`, `map`, `spawnMask`, `phaseMask`, `modelid`, `equipment_id`, `position_x`, `position_y`, `position_z`, `orientation`, `spawntimesecs`, `spawndist`, `currentwaypoint`, `curhealth`, `curmana`, `MovementType`, `npcflag`, `unit_flags`, `dynamicflags`) values('1581102','391266','0','1','3969','0','0','-8988.67','661.133','159.434','0.675405','300','0','0','3052','0','0','0','0','0');
insert into `creature` (`guid`, `id`, `map`, `spawnMask`, `phaseMask`, `modelid`, `equipment_id`, `position_x`, `position_y`, `position_z`, `orientation`, `spawntimesecs`, `spawndist`, `currentwaypoint`, `curhealth`, `curmana`, `MovementType`, `npcflag`, `unit_flags`, `dynamicflags`) values('1581103','391266','1','1','3969','0','0','1512.44','-4437.06','23.9141','3.31239','300','0','0','3052','0','0','0','0','0');
insert into `creature` (`guid`, `id`, `map`, `spawnMask`, `phaseMask`, `modelid`, `equipment_id`, `position_x`, `position_y`, `position_z`, `orientation`, `spawntimesecs`, `spawndist`, `currentwaypoint`, `curhealth`, `curmana`, `MovementType`, `npcflag`, `unit_flags`, `dynamicflags`) values('1581104','391266','1','1','3969','0','0','1507.14','-4402.01','23.6484','2.41312','300','0','0','3052','0','0','0','0','0');
insert into `creature` (`guid`, `id`, `map`, `spawnMask`, `phaseMask`, `modelid`, `equipment_id`, `position_x`, `position_y`, `position_z`, `orientation`, `spawntimesecs`, `spawndist`, `currentwaypoint`, `curhealth`, `curmana`, `MovementType`, `npcflag`, `unit_flags`, `dynamicflags`) values('1581105','391266','1','1','3969','0','0','1516.31','-4358.62','77.2579','3.32811','300','0','0','3052','0','0','0','0','0');
insert into `creature` (`guid`, `id`, `map`, `spawnMask`, `phaseMask`, `modelid`, `equipment_id`, `position_x`, `position_y`, `position_z`, `orientation`, `spawntimesecs`, `spawndist`, `currentwaypoint`, `curhealth`, `curmana`, `MovementType`, `npcflag`, `unit_flags`, `dynamicflags`) values('1581106','391266','1','1','3969','0','0','1498.56','-4356.98','73.832','3.57944','300','0','0','3052','0','0','0','0','0');
insert into `creature` (`guid`, `id`, `map`, `spawnMask`, `phaseMask`, `modelid`, `equipment_id`, `position_x`, `position_y`, `position_z`, `orientation`, `spawntimesecs`, `spawndist`, `currentwaypoint`, `curhealth`, `curmana`, `MovementType`, `npcflag`, `unit_flags`, `dynamicflags`) values('1581107','391266','1','1','3969','0','0','1489.99','-4342.88','114.831','4.8989','300','0','0','3052','0','0','0','0','0');
insert into `creature` (`guid`, `id`, `map`, `spawnMask`, `phaseMask`, `modelid`, `equipment_id`, `position_x`, `position_y`, `position_z`, `orientation`, `spawntimesecs`, `spawndist`, `currentwaypoint`, `curhealth`, `curmana`, `MovementType`, `npcflag`, `unit_flags`, `dynamicflags`) values('1581108','391266','1','1','3969','0','0','1473.4','-4361.18','111.381','3.6894','300','0','0','3052','0','0','0','0','0');
insert into `creature` (`guid`, `id`, `map`, `spawnMask`, `phaseMask`, `modelid`, `equipment_id`, `position_x`, `position_y`, `position_z`, `orientation`, `spawntimesecs`, `spawndist`, `currentwaypoint`, `curhealth`, `curmana`, `MovementType`, `npcflag`, `unit_flags`, `dynamicflags`) values('1581109','391266','1','1','3969','0','0','1473.1','-4379.03','78.6737','5.31124','300','0','0','3052','0','0','0','0','0');
insert into `creature` (`guid`, `id`, `map`, `spawnMask`, `phaseMask`, `modelid`, `equipment_id`, `position_x`, `position_y`, `position_z`, `orientation`, `spawntimesecs`, `spawndist`, `currentwaypoint`, `curhealth`, `curmana`, `MovementType`, `npcflag`, `unit_flags`, `dynamicflags`) values('1581110','391266','1','1','3969','0','0','1478.8','-4411.94','79.1377','4.84391','300','0','0','3052','0','0','0','0','0');
insert into `creature` (`guid`, `id`, `map`, `spawnMask`, `phaseMask`, `modelid`, `equipment_id`, `position_x`, `position_y`, `position_z`, `orientation`, `spawntimesecs`, `spawndist`, `currentwaypoint`, `curhealth`, `curmana`, `MovementType`, `npcflag`, `unit_flags`, `dynamicflags`) values('1581111','391266','1','1','3969','0','0','1485.66','-4450.36','78.594','4.67505','300','0','0','3052','0','0','0','0','0');
insert into `creature` (`guid`, `id`, `map`, `spawnMask`, `phaseMask`, `modelid`, `equipment_id`, `position_x`, `position_y`, `position_z`, `orientation`, `spawntimesecs`, `spawndist`, `currentwaypoint`, `curhealth`, `curmana`, `MovementType`, `npcflag`, `unit_flags`, `dynamicflags`) values('1581112','391266','1','1','3969','0','0','1512.02','-4463.97','69.4099','0.449599','300','0','0','3052','0','0','0','0','0');
insert into `creature` (`guid`, `id`, `map`, `spawnMask`, `phaseMask`, `modelid`, `equipment_id`, `position_x`, `position_y`, `position_z`, `orientation`, `spawntimesecs`, `spawndist`, `currentwaypoint`, `curhealth`, `curmana`, `MovementType`, `npcflag`, `unit_flags`, `dynamicflags`) values('1581113','391266','1','1','3969','0','0','1533.65','-4455.64','71.2011','0.316082','300','0','0','3052','0','0','0','0','0');
insert into `creature` (`guid`, `id`, `map`, `spawnMask`, `phaseMask`, `modelid`, `equipment_id`, `position_x`, `position_y`, `position_z`, `orientation`, `spawntimesecs`, `spawndist`, `currentwaypoint`, `curhealth`, `curmana`, `MovementType`, `npcflag`, `unit_flags`, `dynamicflags`) values('1581114','391266','1','1','3969','0','0','1510.46','-4484.13','107.345','2.14214','300','0','0','3052','0','0','0','0','0');
insert into `creature` (`guid`, `id`, `map`, `spawnMask`, `phaseMask`, `modelid`, `equipment_id`, `position_x`, `position_y`, `position_z`, `orientation`, `spawntimesecs`, `spawndist`, `currentwaypoint`, `curhealth`, `curmana`, `MovementType`, `npcflag`, `unit_flags`, `dynamicflags`) values('1581115','391266','1','1','3969','0','0','1483.39','-4474.08','107.629','3.17494','300','0','0','3052','0','0','0','0','0');
insert into `creature` (`guid`, `id`, `map`, `spawnMask`, `phaseMask`, `modelid`, `equipment_id`, `position_x`, `position_y`, `position_z`, `orientation`, `spawntimesecs`, `spawndist`, `currentwaypoint`, `curhealth`, `curmana`, `MovementType`, `npcflag`, `unit_flags`, `dynamicflags`) values('1581116','391266','1','1','3969','0','0','1526.91','-4478.16','72.2201','3.14351','300','0','0','3052','0','0','0','0','0');
insert into `creature` (`guid`, `id`, `map`, `spawnMask`, `phaseMask`, `modelid`, `equipment_id`, `position_x`, `position_y`, `position_z`, `orientation`, `spawntimesecs`, `spawndist`, `currentwaypoint`, `curhealth`, `curmana`, `MovementType`, `npcflag`, `unit_flags`, `dynamicflags`) values('1581117','391266','1','1','3969','0','0','1549.07','-4467.3','73.551','0.477087','300','0','0','3052','0','0','0','0','0');
insert into `creature` (`guid`, `id`, `map`, `spawnMask`, `phaseMask`, `modelid`, `equipment_id`, `position_x`, `position_y`, `position_z`, `orientation`, `spawntimesecs`, `spawndist`, `currentwaypoint`, `curhealth`, `curmana`, `MovementType`, `npcflag`, `unit_flags`, `dynamicflags`) values('1581118','391266','1','1','3969','0','0','1493.19','-4409.8','73.7081','6.16729','300','0','0','3052','0','0','0','0','0');
insert into `creature` (`guid`, `id`, `map`, `spawnMask`, `phaseMask`, `modelid`, `equipment_id`, `position_x`, `position_y`, `position_z`, `orientation`, `spawntimesecs`, `spawndist`, `currentwaypoint`, `curhealth`, `curmana`, `MovementType`, `npcflag`, `unit_flags`, `dynamicflags`) values('1581119','391266','1','1','3969','0','0','1526.08','-4376.3','82.2122','4.68683','300','0','0','3052','0','0','0','0','0');
insert into `creature` (`guid`, `id`, `map`, `spawnMask`, `phaseMask`, `modelid`, `equipment_id`, `position_x`, `position_y`, `position_z`, `orientation`, `spawntimesecs`, `spawndist`, `currentwaypoint`, `curhealth`, `curmana`, `MovementType`, `npcflag`, `unit_flags`, `dynamicflags`) values('1581120','391266','0','1','3969','0','0','-8980.44','689.457','159.434','5.51346','300','0','0','3052','0','0','0','0','0');
insert into `creature` (`guid`, `id`, `map`, `spawnMask`, `phaseMask`, `modelid`, `equipment_id`, `position_x`, `position_y`, `position_z`, `orientation`, `spawntimesecs`, `spawndist`, `currentwaypoint`, `curhealth`, `curmana`, `MovementType`, `npcflag`, `unit_flags`, `dynamicflags`) values('1581121','391266','0','1','3969','0','0','-8966.13','652.785','129.279','5.39957','300','0','0','3052','0','0','0','0','0');
insert into `creature` (`guid`, `id`, `map`, `spawnMask`, `phaseMask`, `modelid`, `equipment_id`, `position_x`, `position_y`, `position_z`, `orientation`, `spawntimesecs`, `spawndist`, `currentwaypoint`, `curhealth`, `curmana`, `MovementType`, `npcflag`, `unit_flags`, `dynamicflags`) values('1581122','391266','0','1','3969','0','0','-8967.17','631.151','138.9','5.54487','300','0','0','3052','0','0','0','0','0');
insert into `creature` (`guid`, `id`, `map`, `spawnMask`, `phaseMask`, `modelid`, `equipment_id`, `position_x`, `position_y`, `position_z`, `orientation`, `spawntimesecs`, `spawndist`, `currentwaypoint`, `curhealth`, `curmana`, `MovementType`, `npcflag`, `unit_flags`, `dynamicflags`) values('1581123','391266','0','1','3969','0','0','-8921.5','613.799','145.473','0.14525','300','0','0','3052','0','0','0','0','0');
insert into `creature` (`guid`, `id`, `map`, `spawnMask`, `phaseMask`, `modelid`, `equipment_id`, `position_x`, `position_y`, `position_z`, `orientation`, `spawntimesecs`, `spawndist`, `currentwaypoint`, `curhealth`, `curmana`, `MovementType`, `npcflag`, `unit_flags`, `dynamicflags`) values('1581124','391266','0','1','3969','0','0','-8903.73','584.309','145.467','4.39035','300','0','0','3052','0','0','0','0','0');
insert into `creature` (`guid`, `id`, `map`, `spawnMask`, `phaseMask`, `modelid`, `equipment_id`, `position_x`, `position_y`, `position_z`, `orientation`, `spawntimesecs`, `spawndist`, `currentwaypoint`, `curhealth`, `curmana`, `MovementType`, `npcflag`, `unit_flags`, `dynamicflags`) values('1581125','391266','0','1','3969','0','0','-8912.8','597.833','158.546','1.82603','300','0','0','3052','0','0','0','0','0');
insert into `creature` (`guid`, `id`, `map`, `spawnMask`, `phaseMask`, `modelid`, `equipment_id`, `position_x`, `position_y`, `position_z`, `orientation`, `spawntimesecs`, `spawndist`, `currentwaypoint`, `curhealth`, `curmana`, `MovementType`, `npcflag`, `unit_flags`, `dynamicflags`) values('1581126','391266','0','1','3969','0','0','-8898.85','570.42','116.215','0.310214','300','0','0','3052','0','0','0','0','0');
insert into `creature` (`guid`, `id`, `map`, `spawnMask`, `phaseMask`, `modelid`, `equipment_id`, `position_x`, `position_y`, `position_z`, `orientation`, `spawntimesecs`, `spawndist`, `currentwaypoint`, `curhealth`, `curmana`, `MovementType`, `npcflag`, `unit_flags`, `dynamicflags`) values('1581127','391266','0','1','3969','0','0','-8868.54','553.837','145.471','6.08681','300','0','0','3052','0','0','0','0','0');
insert into `creature` (`guid`, `id`, `map`, `spawnMask`, `phaseMask`, `modelid`, `equipment_id`, `position_x`, `position_y`, `position_z`, `orientation`, `spawntimesecs`, `spawndist`, `currentwaypoint`, `curhealth`, `curmana`, `MovementType`, `npcflag`, `unit_flags`, `dynamicflags`) values('1581128','391266','0','1','3969','0','0','-8846.63','501.374','138.934','5.33446','300','0','0','3052','0','0','0','0','0');
insert into `creature` (`guid`, `id`, `map`, `spawnMask`, `phaseMask`, `modelid`, `equipment_id`, `position_x`, `position_y`, `position_z`, `orientation`, `spawntimesecs`, `spawndist`, `currentwaypoint`, `curhealth`, `curmana`, `MovementType`, `npcflag`, `unit_flags`, `dynamicflags`) values('1581129','391266','0','1','3969','0','0','-8816.06','465.552','138.939','5.18393','300','0','0','3052','0','0','0','0','0');
insert into `creature` (`guid`, `id`, `map`, `spawnMask`, `phaseMask`, `modelid`, `equipment_id`, `position_x`, `position_y`, `position_z`, `orientation`, `spawntimesecs`, `spawndist`, `currentwaypoint`, `curhealth`, `curmana`, `MovementType`, `npcflag`, `unit_flags`, `dynamicflags`) values('1581130','391266','0','1','3969','0','0','-8853.97','479.216','143.761','2.30235','300','0','0','3052','0','0','0','0','0');
insert into `creature` (`guid`, `id`, `map`, `spawnMask`, `phaseMask`, `modelid`, `equipment_id`, `position_x`, `position_y`, `position_z`, `orientation`, `spawntimesecs`, `spawndist`, `currentwaypoint`, `curhealth`, `curmana`, `MovementType`, `npcflag`, `unit_flags`, `dynamicflags`) values('1581131','391266','0','1','3969','0','0','-8859.5','533.678','162.202','1.66225','300','0','0','3052','0','0','0','0','0');
insert into `creature` (`guid`, `id`, `map`, `spawnMask`, `phaseMask`, `modelid`, `equipment_id`, `position_x`, `position_y`, `position_z`, `orientation`, `spawntimesecs`, `spawndist`, `currentwaypoint`, `curhealth`, `curmana`, `MovementType`, `npcflag`, `unit_flags`, `dynamicflags`) values('1581132','391266','0','1','3969','0','0','-8809.1','455.239','159.434','6.25678','300','0','0','3052','0','0','0','0','0');
insert into `creature` (`guid`, `id`, `map`, `spawnMask`, `phaseMask`, `modelid`, `equipment_id`, `position_x`, `position_y`, `position_z`, `orientation`, `spawntimesecs`, `spawndist`, `currentwaypoint`, `curhealth`, `curmana`, `MovementType`, `npcflag`, `unit_flags`, `dynamicflags`) values('1581133','391266','0','1','3969','0','0','-8780.17','446.009','159.434','5.43868','300','0','0','3052','0','0','0','0','0');
insert into `creature` (`guid`, `id`, `map`, `spawnMask`, `phaseMask`, `modelid`, `equipment_id`, `position_x`, `position_y`, `position_z`, `orientation`, `spawntimesecs`, `spawndist`, `currentwaypoint`, `curhealth`, `curmana`, `MovementType`, `npcflag`, `unit_flags`, `dynamicflags`) values('1581134','391266','0','1','3969','0','0','-8892.59','595.028','107.371','5.06168','300','0','0','3052','0','0','0','0','0');
insert into `creature` (`guid`, `id`, `map`, `spawnMask`, `phaseMask`, `modelid`, `equipment_id`, `position_x`, `position_y`, `position_z`, `orientation`, `spawntimesecs`, `spawndist`, `currentwaypoint`, `curhealth`, `curmana`, `MovementType`, `npcflag`, `unit_flags`, `dynamicflags`) values('1581135','391266','0','1','3969','0','0','-8893.68','582.16','93.1931','3.02357','300','0','0','3052','0','0','0','0','0');
insert into `creature` (`guid`, `id`, `map`, `spawnMask`, `phaseMask`, `modelid`, `equipment_id`, `position_x`, `position_y`, `position_z`, `orientation`, `spawntimesecs`, `spawndist`, `currentwaypoint`, `curhealth`, `curmana`, `MovementType`, `npcflag`, `unit_flags`, `dynamicflags`) values('1581136','391267','1','1','3969','0','0','1512.44','-4437.06','23.9141','3.31239','300','0','0','3052','0','0','0','0','0');
insert into `creature` (`guid`, `id`, `map`, `spawnMask`, `phaseMask`, `modelid`, `equipment_id`, `position_x`, `position_y`, `position_z`, `orientation`, `spawntimesecs`, `spawndist`, `currentwaypoint`, `curhealth`, `curmana`, `MovementType`, `npcflag`, `unit_flags`, `dynamicflags`) values('1581137','391267','1','1','3969','0','0','1507.14','-4402.01','23.6484','2.41312','300','0','0','3052','0','0','0','0','0');
insert into `creature` (`guid`, `id`, `map`, `spawnMask`, `phaseMask`, `modelid`, `equipment_id`, `position_x`, `position_y`, `position_z`, `orientation`, `spawntimesecs`, `spawndist`, `currentwaypoint`, `curhealth`, `curmana`, `MovementType`, `npcflag`, `unit_flags`, `dynamicflags`) values('1581138','391267','1','1','3969','0','0','1516.31','-4358.62','77.2579','3.32811','300','0','0','3052','0','0','0','0','0');
insert into `creature` (`guid`, `id`, `map`, `spawnMask`, `phaseMask`, `modelid`, `equipment_id`, `position_x`, `position_y`, `position_z`, `orientation`, `spawntimesecs`, `spawndist`, `currentwaypoint`, `curhealth`, `curmana`, `MovementType`, `npcflag`, `unit_flags`, `dynamicflags`) values('1581139','391267','1','1','3969','0','0','1498.56','-4356.98','73.832','3.57944','300','0','0','3052','0','0','0','0','0');
insert into `creature` (`guid`, `id`, `map`, `spawnMask`, `phaseMask`, `modelid`, `equipment_id`, `position_x`, `position_y`, `position_z`, `orientation`, `spawntimesecs`, `spawndist`, `currentwaypoint`, `curhealth`, `curmana`, `MovementType`, `npcflag`, `unit_flags`, `dynamicflags`) values('1581140','391267','1','1','3969','0','0','1489.99','-4342.88','114.831','4.8989','300','0','0','3052','0','0','0','0','0');
insert into `creature` (`guid`, `id`, `map`, `spawnMask`, `phaseMask`, `modelid`, `equipment_id`, `position_x`, `position_y`, `position_z`, `orientation`, `spawntimesecs`, `spawndist`, `currentwaypoint`, `curhealth`, `curmana`, `MovementType`, `npcflag`, `unit_flags`, `dynamicflags`) values('1581141','391267','1','1','3969','0','0','1473.4','-4361.18','111.381','3.6894','300','0','0','3052','0','0','0','0','0');
insert into `creature` (`guid`, `id`, `map`, `spawnMask`, `phaseMask`, `modelid`, `equipment_id`, `position_x`, `position_y`, `position_z`, `orientation`, `spawntimesecs`, `spawndist`, `currentwaypoint`, `curhealth`, `curmana`, `MovementType`, `npcflag`, `unit_flags`, `dynamicflags`) values('1581142','391267','1','1','3969','0','0','1473.1','-4379.03','78.6737','5.31124','300','0','0','3052','0','0','0','0','0');
insert into `creature` (`guid`, `id`, `map`, `spawnMask`, `phaseMask`, `modelid`, `equipment_id`, `position_x`, `position_y`, `position_z`, `orientation`, `spawntimesecs`, `spawndist`, `currentwaypoint`, `curhealth`, `curmana`, `MovementType`, `npcflag`, `unit_flags`, `dynamicflags`) values('1581143','391267','1','1','3969','0','0','1478.8','-4411.94','79.1377','4.84391','300','0','0','3052','0','0','0','0','0');
insert into `creature` (`guid`, `id`, `map`, `spawnMask`, `phaseMask`, `modelid`, `equipment_id`, `position_x`, `position_y`, `position_z`, `orientation`, `spawntimesecs`, `spawndist`, `currentwaypoint`, `curhealth`, `curmana`, `MovementType`, `npcflag`, `unit_flags`, `dynamicflags`) values('1581144','391267','1','1','3969','0','0','1485.66','-4450.36','78.594','4.67505','300','0','0','3052','0','0','0','0','0');
insert into `creature` (`guid`, `id`, `map`, `spawnMask`, `phaseMask`, `modelid`, `equipment_id`, `position_x`, `position_y`, `position_z`, `orientation`, `spawntimesecs`, `spawndist`, `currentwaypoint`, `curhealth`, `curmana`, `MovementType`, `npcflag`, `unit_flags`, `dynamicflags`) values('1581145','391267','1','1','3969','0','0','1512.02','-4463.97','69.4099','0.449599','300','0','0','3052','0','0','0','0','0');
insert into `creature` (`guid`, `id`, `map`, `spawnMask`, `phaseMask`, `modelid`, `equipment_id`, `position_x`, `position_y`, `position_z`, `orientation`, `spawntimesecs`, `spawndist`, `currentwaypoint`, `curhealth`, `curmana`, `MovementType`, `npcflag`, `unit_flags`, `dynamicflags`) values('1581146','391267','1','1','3969','0','0','1533.65','-4455.64','71.2011','0.316082','300','0','0','3052','0','0','0','0','0');
insert into `creature` (`guid`, `id`, `map`, `spawnMask`, `phaseMask`, `modelid`, `equipment_id`, `position_x`, `position_y`, `position_z`, `orientation`, `spawntimesecs`, `spawndist`, `currentwaypoint`, `curhealth`, `curmana`, `MovementType`, `npcflag`, `unit_flags`, `dynamicflags`) values('1581147','391267','1','1','3969','0','0','1510.46','-4484.13','107.345','2.14214','300','0','0','3052','0','0','0','0','0');
insert into `creature` (`guid`, `id`, `map`, `spawnMask`, `phaseMask`, `modelid`, `equipment_id`, `position_x`, `position_y`, `position_z`, `orientation`, `spawntimesecs`, `spawndist`, `currentwaypoint`, `curhealth`, `curmana`, `MovementType`, `npcflag`, `unit_flags`, `dynamicflags`) values('1581148','391267','1','1','3969','0','0','1483.39','-4474.08','107.629','3.17494','300','0','0','3052','0','0','0','0','0');
insert into `creature` (`guid`, `id`, `map`, `spawnMask`, `phaseMask`, `modelid`, `equipment_id`, `position_x`, `position_y`, `position_z`, `orientation`, `spawntimesecs`, `spawndist`, `currentwaypoint`, `curhealth`, `curmana`, `MovementType`, `npcflag`, `unit_flags`, `dynamicflags`) values('1581149','391267','1','1','3969','0','0','1526.91','-4478.16','72.2201','3.14351','300','0','0','3052','0','0','0','0','0');
insert into `creature` (`guid`, `id`, `map`, `spawnMask`, `phaseMask`, `modelid`, `equipment_id`, `position_x`, `position_y`, `position_z`, `orientation`, `spawntimesecs`, `spawndist`, `currentwaypoint`, `curhealth`, `curmana`, `MovementType`, `npcflag`, `unit_flags`, `dynamicflags`) values('1581150','391267','1','1','3969','0','0','1549.07','-4467.3','73.551','0.477087','300','0','0','3052','0','0','0','0','0');
insert into `creature` (`guid`, `id`, `map`, `spawnMask`, `phaseMask`, `modelid`, `equipment_id`, `position_x`, `position_y`, `position_z`, `orientation`, `spawntimesecs`, `spawndist`, `currentwaypoint`, `curhealth`, `curmana`, `MovementType`, `npcflag`, `unit_flags`, `dynamicflags`) values('1581151','391267','1','1','3969','0','0','1493.19','-4409.8','73.7081','6.16729','300','0','0','3052','0','0','0','0','0');
insert into `creature` (`guid`, `id`, `map`, `spawnMask`, `phaseMask`, `modelid`, `equipment_id`, `position_x`, `position_y`, `position_z`, `orientation`, `spawntimesecs`, `spawndist`, `currentwaypoint`, `curhealth`, `curmana`, `MovementType`, `npcflag`, `unit_flags`, `dynamicflags`) values('1581152','391267','1','1','3969','0','0','1526.08','-4376.3','82.2122','4.68683','300','0','0','3052','0','0','0','0','0');
insert into `creature` (`guid`, `id`, `map`, `spawnMask`, `phaseMask`, `modelid`, `equipment_id`, `position_x`, `position_y`, `position_z`, `orientation`, `spawntimesecs`, `spawndist`, `currentwaypoint`, `curhealth`, `curmana`, `MovementType`, `npcflag`, `unit_flags`, `dynamicflags`) values('1581153','391267','0','1','3969','0','0','-8988.67','661.133','159.434','0.675405','300','0','0','3052','0','0','0','0','0');
insert into `creature` (`guid`, `id`, `map`, `spawnMask`, `phaseMask`, `modelid`, `equipment_id`, `position_x`, `position_y`, `position_z`, `orientation`, `spawntimesecs`, `spawndist`, `currentwaypoint`, `curhealth`, `curmana`, `MovementType`, `npcflag`, `unit_flags`, `dynamicflags`) values('1581154','391267','0','1','3969','0','0','-8980.44','689.457','159.434','5.51346','300','0','0','3052','0','0','0','0','0');
insert into `creature` (`guid`, `id`, `map`, `spawnMask`, `phaseMask`, `modelid`, `equipment_id`, `position_x`, `position_y`, `position_z`, `orientation`, `spawntimesecs`, `spawndist`, `currentwaypoint`, `curhealth`, `curmana`, `MovementType`, `npcflag`, `unit_flags`, `dynamicflags`) values('1581155','391267','0','1','3969','0','0','-8966.13','652.785','129.279','5.39957','300','0','0','3052','0','0','0','0','0');
insert into `creature` (`guid`, `id`, `map`, `spawnMask`, `phaseMask`, `modelid`, `equipment_id`, `position_x`, `position_y`, `position_z`, `orientation`, `spawntimesecs`, `spawndist`, `currentwaypoint`, `curhealth`, `curmana`, `MovementType`, `npcflag`, `unit_flags`, `dynamicflags`) values('1581156','391267','0','1','3969','0','0','-8967.17','631.151','138.9','5.54487','300','0','0','3052','0','0','0','0','0');
insert into `creature` (`guid`, `id`, `map`, `spawnMask`, `phaseMask`, `modelid`, `equipment_id`, `position_x`, `position_y`, `position_z`, `orientation`, `spawntimesecs`, `spawndist`, `currentwaypoint`, `curhealth`, `curmana`, `MovementType`, `npcflag`, `unit_flags`, `dynamicflags`) values('1581157','391267','0','1','3969','0','0','-8921.5','613.799','145.473','0.14525','300','0','0','3052','0','0','0','0','0');
insert into `creature` (`guid`, `id`, `map`, `spawnMask`, `phaseMask`, `modelid`, `equipment_id`, `position_x`, `position_y`, `position_z`, `orientation`, `spawntimesecs`, `spawndist`, `currentwaypoint`, `curhealth`, `curmana`, `MovementType`, `npcflag`, `unit_flags`, `dynamicflags`) values('1581158','391267','0','1','3969','0','0','-8903.73','584.309','145.467','4.39035','300','0','0','3052','0','0','0','0','0');
insert into `creature` (`guid`, `id`, `map`, `spawnMask`, `phaseMask`, `modelid`, `equipment_id`, `position_x`, `position_y`, `position_z`, `orientation`, `spawntimesecs`, `spawndist`, `currentwaypoint`, `curhealth`, `curmana`, `MovementType`, `npcflag`, `unit_flags`, `dynamicflags`) values('1581159','391267','0','1','3969','0','0','-8912.8','597.833','158.546','1.82603','300','0','0','3052','0','0','0','0','0');
insert into `creature` (`guid`, `id`, `map`, `spawnMask`, `phaseMask`, `modelid`, `equipment_id`, `position_x`, `position_y`, `position_z`, `orientation`, `spawntimesecs`, `spawndist`, `currentwaypoint`, `curhealth`, `curmana`, `MovementType`, `npcflag`, `unit_flags`, `dynamicflags`) values('1581160','391267','0','1','3969','0','0','-8898.85','570.42','116.215','0.310214','300','0','0','3052','0','0','0','0','0');
insert into `creature` (`guid`, `id`, `map`, `spawnMask`, `phaseMask`, `modelid`, `equipment_id`, `position_x`, `position_y`, `position_z`, `orientation`, `spawntimesecs`, `spawndist`, `currentwaypoint`, `curhealth`, `curmana`, `MovementType`, `npcflag`, `unit_flags`, `dynamicflags`) values('1581161','391267','0','1','3969','0','0','-8868.54','553.837','145.471','6.08681','300','0','0','3052','0','0','0','0','0');
insert into `creature` (`guid`, `id`, `map`, `spawnMask`, `phaseMask`, `modelid`, `equipment_id`, `position_x`, `position_y`, `position_z`, `orientation`, `spawntimesecs`, `spawndist`, `currentwaypoint`, `curhealth`, `curmana`, `MovementType`, `npcflag`, `unit_flags`, `dynamicflags`) values('1581162','391267','0','1','3969','0','0','-8846.63','501.374','138.934','5.33446','300','0','0','3052','0','0','0','0','0');
insert into `creature` (`guid`, `id`, `map`, `spawnMask`, `phaseMask`, `modelid`, `equipment_id`, `position_x`, `position_y`, `position_z`, `orientation`, `spawntimesecs`, `spawndist`, `currentwaypoint`, `curhealth`, `curmana`, `MovementType`, `npcflag`, `unit_flags`, `dynamicflags`) values('1581163','391267','0','1','3969','0','0','-8816.06','465.552','138.939','5.18393','300','0','0','3052','0','0','0','0','0');
insert into `creature` (`guid`, `id`, `map`, `spawnMask`, `phaseMask`, `modelid`, `equipment_id`, `position_x`, `position_y`, `position_z`, `orientation`, `spawntimesecs`, `spawndist`, `currentwaypoint`, `curhealth`, `curmana`, `MovementType`, `npcflag`, `unit_flags`, `dynamicflags`) values('1581164','391267','0','1','3969','0','0','-8853.97','479.216','143.761','2.30235','300','0','0','3052','0','0','0','0','0');
insert into `creature` (`guid`, `id`, `map`, `spawnMask`, `phaseMask`, `modelid`, `equipment_id`, `position_x`, `position_y`, `position_z`, `orientation`, `spawntimesecs`, `spawndist`, `currentwaypoint`, `curhealth`, `curmana`, `MovementType`, `npcflag`, `unit_flags`, `dynamicflags`) values('1581165','391267','0','1','3969','0','0','-8859.5','533.678','162.202','1.66225','300','0','0','3052','0','0','0','0','0');
insert into `creature` (`guid`, `id`, `map`, `spawnMask`, `phaseMask`, `modelid`, `equipment_id`, `position_x`, `position_y`, `position_z`, `orientation`, `spawntimesecs`, `spawndist`, `currentwaypoint`, `curhealth`, `curmana`, `MovementType`, `npcflag`, `unit_flags`, `dynamicflags`) values('1581166','391267','0','1','3969','0','0','-8809.1','455.239','159.434','6.25678','300','0','0','3052','0','0','0','0','0');
insert into `creature` (`guid`, `id`, `map`, `spawnMask`, `phaseMask`, `modelid`, `equipment_id`, `position_x`, `position_y`, `position_z`, `orientation`, `spawntimesecs`, `spawndist`, `currentwaypoint`, `curhealth`, `curmana`, `MovementType`, `npcflag`, `unit_flags`, `dynamicflags`) values('1581167','391267','0','1','3969','0','0','-8780.17','446.009','159.434','5.43868','300','0','0','3052','0','0','0','0','0');
insert into `creature` (`guid`, `id`, `map`, `spawnMask`, `phaseMask`, `modelid`, `equipment_id`, `position_x`, `position_y`, `position_z`, `orientation`, `spawntimesecs`, `spawndist`, `currentwaypoint`, `curhealth`, `curmana`, `MovementType`, `npcflag`, `unit_flags`, `dynamicflags`) values('1581168','391267','0','1','3969','0','0','-8892.59','595.028','107.371','5.06168','300','0','0','3052','0','0','0','0','0');
insert into `creature` (`guid`, `id`, `map`, `spawnMask`, `phaseMask`, `modelid`, `equipment_id`, `position_x`, `position_y`, `position_z`, `orientation`, `spawntimesecs`, `spawndist`, `currentwaypoint`, `curhealth`, `curmana`, `MovementType`, `npcflag`, `unit_flags`, `dynamicflags`) values('1581169','391267','0','1','3969','0','0','-8893.68','582.16','93.1931','3.02357','300','0','0','3052','0','0','0','0','0');
insert into `creature` (`guid`, `id`, `map`, `spawnMask`, `phaseMask`, `modelid`, `equipment_id`, `position_x`, `position_y`, `position_z`, `orientation`, `spawntimesecs`, `spawndist`, `currentwaypoint`, `curhealth`, `curmana`, `MovementType`, `npcflag`, `unit_flags`, `dynamicflags`) values('1581170','391267','1','1','3969','0','0','1512.44','-4437.06','23.9141','3.31239','300','0','0','3052','0','0','0','0','0');
insert into `creature` (`guid`, `id`, `map`, `spawnMask`, `phaseMask`, `modelid`, `equipment_id`, `position_x`, `position_y`, `position_z`, `orientation`, `spawntimesecs`, `spawndist`, `currentwaypoint`, `curhealth`, `curmana`, `MovementType`, `npcflag`, `unit_flags`, `dynamicflags`) values('1581171','391267','1','1','3969','0','0','1507.14','-4402.01','23.6484','2.41312','300','0','0','3052','0','0','0','0','0');
insert into `creature` (`guid`, `id`, `map`, `spawnMask`, `phaseMask`, `modelid`, `equipment_id`, `position_x`, `position_y`, `position_z`, `orientation`, `spawntimesecs`, `spawndist`, `currentwaypoint`, `curhealth`, `curmana`, `MovementType`, `npcflag`, `unit_flags`, `dynamicflags`) values('1581172','391267','1','1','3969','0','0','1516.31','-4358.62','77.2579','3.32811','300','0','0','3052','0','0','0','0','0');
insert into `creature` (`guid`, `id`, `map`, `spawnMask`, `phaseMask`, `modelid`, `equipment_id`, `position_x`, `position_y`, `position_z`, `orientation`, `spawntimesecs`, `spawndist`, `currentwaypoint`, `curhealth`, `curmana`, `MovementType`, `npcflag`, `unit_flags`, `dynamicflags`) values('1581173','391267','1','1','3969','0','0','1498.56','-4356.98','73.832','3.57944','300','0','0','3052','0','0','0','0','0');
insert into `creature` (`guid`, `id`, `map`, `spawnMask`, `phaseMask`, `modelid`, `equipment_id`, `position_x`, `position_y`, `position_z`, `orientation`, `spawntimesecs`, `spawndist`, `currentwaypoint`, `curhealth`, `curmana`, `MovementType`, `npcflag`, `unit_flags`, `dynamicflags`) values('1581174','391267','1','1','3969','0','0','1489.99','-4342.88','114.831','4.8989','300','0','0','3052','0','0','0','0','0');
insert into `creature` (`guid`, `id`, `map`, `spawnMask`, `phaseMask`, `modelid`, `equipment_id`, `position_x`, `position_y`, `position_z`, `orientation`, `spawntimesecs`, `spawndist`, `currentwaypoint`, `curhealth`, `curmana`, `MovementType`, `npcflag`, `unit_flags`, `dynamicflags`) values('1581175','391267','1','1','3969','0','0','1473.4','-4361.18','111.381','3.6894','300','0','0','3052','0','0','0','0','0');
insert into `creature` (`guid`, `id`, `map`, `spawnMask`, `phaseMask`, `modelid`, `equipment_id`, `position_x`, `position_y`, `position_z`, `orientation`, `spawntimesecs`, `spawndist`, `currentwaypoint`, `curhealth`, `curmana`, `MovementType`, `npcflag`, `unit_flags`, `dynamicflags`) values('1581176','391267','1','1','3969','0','0','1473.1','-4379.03','78.6737','5.31124','300','0','0','3052','0','0','0','0','0');
insert into `creature` (`guid`, `id`, `map`, `spawnMask`, `phaseMask`, `modelid`, `equipment_id`, `position_x`, `position_y`, `position_z`, `orientation`, `spawntimesecs`, `spawndist`, `currentwaypoint`, `curhealth`, `curmana`, `MovementType`, `npcflag`, `unit_flags`, `dynamicflags`) values('1581177','391267','1','1','3969','0','0','1478.8','-4411.94','79.1377','4.84391','300','0','0','3052','0','0','0','0','0');
insert into `creature` (`guid`, `id`, `map`, `spawnMask`, `phaseMask`, `modelid`, `equipment_id`, `position_x`, `position_y`, `position_z`, `orientation`, `spawntimesecs`, `spawndist`, `currentwaypoint`, `curhealth`, `curmana`, `MovementType`, `npcflag`, `unit_flags`, `dynamicflags`) values('1581178','391267','1','1','3969','0','0','1485.66','-4450.36','78.594','4.67505','300','0','0','3052','0','0','0','0','0');
insert into `creature` (`guid`, `id`, `map`, `spawnMask`, `phaseMask`, `modelid`, `equipment_id`, `position_x`, `position_y`, `position_z`, `orientation`, `spawntimesecs`, `spawndist`, `currentwaypoint`, `curhealth`, `curmana`, `MovementType`, `npcflag`, `unit_flags`, `dynamicflags`) values('1581179','391267','1','1','3969','0','0','1512.02','-4463.97','69.4099','0.449599','300','0','0','3052','0','0','0','0','0');
insert into `creature` (`guid`, `id`, `map`, `spawnMask`, `phaseMask`, `modelid`, `equipment_id`, `position_x`, `position_y`, `position_z`, `orientation`, `spawntimesecs`, `spawndist`, `currentwaypoint`, `curhealth`, `curmana`, `MovementType`, `npcflag`, `unit_flags`, `dynamicflags`) values('1581180','391267','1','1','3969','0','0','1533.65','-4455.64','71.2011','0.316082','300','0','0','3052','0','0','0','0','0');
insert into `creature` (`guid`, `id`, `map`, `spawnMask`, `phaseMask`, `modelid`, `equipment_id`, `position_x`, `position_y`, `position_z`, `orientation`, `spawntimesecs`, `spawndist`, `currentwaypoint`, `curhealth`, `curmana`, `MovementType`, `npcflag`, `unit_flags`, `dynamicflags`) values('1581181','391267','1','1','3969','0','0','1510.46','-4484.13','107.345','2.14214','300','0','0','3052','0','0','0','0','0');
insert into `creature` (`guid`, `id`, `map`, `spawnMask`, `phaseMask`, `modelid`, `equipment_id`, `position_x`, `position_y`, `position_z`, `orientation`, `spawntimesecs`, `spawndist`, `currentwaypoint`, `curhealth`, `curmana`, `MovementType`, `npcflag`, `unit_flags`, `dynamicflags`) values('1581182','391267','1','1','3969','0','0','1483.39','-4474.08','107.629','3.17494','300','0','0','3052','0','0','0','0','0');
insert into `creature` (`guid`, `id`, `map`, `spawnMask`, `phaseMask`, `modelid`, `equipment_id`, `position_x`, `position_y`, `position_z`, `orientation`, `spawntimesecs`, `spawndist`, `currentwaypoint`, `curhealth`, `curmana`, `MovementType`, `npcflag`, `unit_flags`, `dynamicflags`) values('1581183','391267','1','1','3969','0','0','1526.91','-4478.16','72.2201','3.14351','300','0','0','3052','0','0','0','0','0');
insert into `creature` (`guid`, `id`, `map`, `spawnMask`, `phaseMask`, `modelid`, `equipment_id`, `position_x`, `position_y`, `position_z`, `orientation`, `spawntimesecs`, `spawndist`, `currentwaypoint`, `curhealth`, `curmana`, `MovementType`, `npcflag`, `unit_flags`, `dynamicflags`) values('1581184','391267','1','1','3969','0','0','1549.07','-4467.3','73.551','0.477087','300','0','0','3052','0','0','0','0','0');
insert into `creature` (`guid`, `id`, `map`, `spawnMask`, `phaseMask`, `modelid`, `equipment_id`, `position_x`, `position_y`, `position_z`, `orientation`, `spawntimesecs`, `spawndist`, `currentwaypoint`, `curhealth`, `curmana`, `MovementType`, `npcflag`, `unit_flags`, `dynamicflags`) values('1581185','391267','1','1','3969','0','0','1493.19','-4409.8','73.7081','6.16729','300','0','0','3052','0','0','0','0','0');
insert into `creature` (`guid`, `id`, `map`, `spawnMask`, `phaseMask`, `modelid`, `equipment_id`, `position_x`, `position_y`, `position_z`, `orientation`, `spawntimesecs`, `spawndist`, `currentwaypoint`, `curhealth`, `curmana`, `MovementType`, `npcflag`, `unit_flags`, `dynamicflags`) values('1581186','391267','1','1','3969','0','0','1526.08','-4376.3','82.2122','4.68683','300','0','0','3052','0','0','0','0','0');
insert into `creature` (`guid`, `id`, `map`, `spawnMask`, `phaseMask`, `modelid`, `equipment_id`, `position_x`, `position_y`, `position_z`, `orientation`, `spawntimesecs`, `spawndist`, `currentwaypoint`, `curhealth`, `curmana`, `MovementType`, `npcflag`, `unit_flags`, `dynamicflags`) values('1581187','391267','0','1','3969','0','0','-8988.67','661.133','159.434','0.675405','300','0','0','3052','0','0','0','0','0');
insert into `creature` (`guid`, `id`, `map`, `spawnMask`, `phaseMask`, `modelid`, `equipment_id`, `position_x`, `position_y`, `position_z`, `orientation`, `spawntimesecs`, `spawndist`, `currentwaypoint`, `curhealth`, `curmana`, `MovementType`, `npcflag`, `unit_flags`, `dynamicflags`) values('1581188','391267','0','1','3969','0','0','-8980.44','689.457','159.434','5.51346','300','0','0','3052','0','0','0','0','0');
insert into `creature` (`guid`, `id`, `map`, `spawnMask`, `phaseMask`, `modelid`, `equipment_id`, `position_x`, `position_y`, `position_z`, `orientation`, `spawntimesecs`, `spawndist`, `currentwaypoint`, `curhealth`, `curmana`, `MovementType`, `npcflag`, `unit_flags`, `dynamicflags`) values('1581189','391267','0','1','3969','0','0','-8966.13','652.785','129.279','5.39957','300','0','0','3052','0','0','0','0','0');
insert into `creature` (`guid`, `id`, `map`, `spawnMask`, `phaseMask`, `modelid`, `equipment_id`, `position_x`, `position_y`, `position_z`, `orientation`, `spawntimesecs`, `spawndist`, `currentwaypoint`, `curhealth`, `curmana`, `MovementType`, `npcflag`, `unit_flags`, `dynamicflags`) values('1581190','391267','0','1','3969','0','0','-8967.17','631.151','138.9','5.54487','300','0','0','3052','0','0','0','0','0');
insert into `creature` (`guid`, `id`, `map`, `spawnMask`, `phaseMask`, `modelid`, `equipment_id`, `position_x`, `position_y`, `position_z`, `orientation`, `spawntimesecs`, `spawndist`, `currentwaypoint`, `curhealth`, `curmana`, `MovementType`, `npcflag`, `unit_flags`, `dynamicflags`) values('1581191','391267','0','1','3969','0','0','-8921.5','613.799','145.473','0.14525','300','0','0','3052','0','0','0','0','0');
insert into `creature` (`guid`, `id`, `map`, `spawnMask`, `phaseMask`, `modelid`, `equipment_id`, `position_x`, `position_y`, `position_z`, `orientation`, `spawntimesecs`, `spawndist`, `currentwaypoint`, `curhealth`, `curmana`, `MovementType`, `npcflag`, `unit_flags`, `dynamicflags`) values('1581192','391267','0','1','3969','0','0','-8903.73','584.309','145.467','4.39035','300','0','0','3052','0','0','0','0','0');
insert into `creature` (`guid`, `id`, `map`, `spawnMask`, `phaseMask`, `modelid`, `equipment_id`, `position_x`, `position_y`, `position_z`, `orientation`, `spawntimesecs`, `spawndist`, `currentwaypoint`, `curhealth`, `curmana`, `MovementType`, `npcflag`, `unit_flags`, `dynamicflags`) values('1581193','391267','0','1','3969','0','0','-8912.8','597.833','158.546','1.82603','300','0','0','3052','0','0','0','0','0');
insert into `creature` (`guid`, `id`, `map`, `spawnMask`, `phaseMask`, `modelid`, `equipment_id`, `position_x`, `position_y`, `position_z`, `orientation`, `spawntimesecs`, `spawndist`, `currentwaypoint`, `curhealth`, `curmana`, `MovementType`, `npcflag`, `unit_flags`, `dynamicflags`) values('1581194','391267','0','1','3969','0','0','-8898.85','570.42','116.215','0.310214','300','0','0','3052','0','0','0','0','0');
insert into `creature` (`guid`, `id`, `map`, `spawnMask`, `phaseMask`, `modelid`, `equipment_id`, `position_x`, `position_y`, `position_z`, `orientation`, `spawntimesecs`, `spawndist`, `currentwaypoint`, `curhealth`, `curmana`, `MovementType`, `npcflag`, `unit_flags`, `dynamicflags`) values('1581195','391267','0','1','3969','0','0','-8868.54','553.837','145.471','6.08681','300','0','0','3052','0','0','0','0','0');
insert into `creature` (`guid`, `id`, `map`, `spawnMask`, `phaseMask`, `modelid`, `equipment_id`, `position_x`, `position_y`, `position_z`, `orientation`, `spawntimesecs`, `spawndist`, `currentwaypoint`, `curhealth`, `curmana`, `MovementType`, `npcflag`, `unit_flags`, `dynamicflags`) values('1581196','391267','0','1','3969','0','0','-8846.63','501.374','138.934','5.33446','300','0','0','3052','0','0','0','0','0');
insert into `creature` (`guid`, `id`, `map`, `spawnMask`, `phaseMask`, `modelid`, `equipment_id`, `position_x`, `position_y`, `position_z`, `orientation`, `spawntimesecs`, `spawndist`, `currentwaypoint`, `curhealth`, `curmana`, `MovementType`, `npcflag`, `unit_flags`, `dynamicflags`) values('1581197','391267','0','1','3969','0','0','-8816.06','465.552','138.939','5.18393','300','0','0','3052','0','0','0','0','0');
insert into `creature` (`guid`, `id`, `map`, `spawnMask`, `phaseMask`, `modelid`, `equipment_id`, `position_x`, `position_y`, `position_z`, `orientation`, `spawntimesecs`, `spawndist`, `currentwaypoint`, `curhealth`, `curmana`, `MovementType`, `npcflag`, `unit_flags`, `dynamicflags`) values('1581198','391267','0','1','3969','0','0','-8853.97','479.216','143.761','2.30235','300','0','0','3052','0','0','0','0','0');
insert into `creature` (`guid`, `id`, `map`, `spawnMask`, `phaseMask`, `modelid`, `equipment_id`, `position_x`, `position_y`, `position_z`, `orientation`, `spawntimesecs`, `spawndist`, `currentwaypoint`, `curhealth`, `curmana`, `MovementType`, `npcflag`, `unit_flags`, `dynamicflags`) values('1581199','391267','0','1','3969','0','0','-8859.5','533.678','162.202','1.66225','300','0','0','3052','0','0','0','0','0');
insert into `creature` (`guid`, `id`, `map`, `spawnMask`, `phaseMask`, `modelid`, `equipment_id`, `position_x`, `position_y`, `position_z`, `orientation`, `spawntimesecs`, `spawndist`, `currentwaypoint`, `curhealth`, `curmana`, `MovementType`, `npcflag`, `unit_flags`, `dynamicflags`) values('1581200','391267','0','1','3969','0','0','-8809.1','455.239','159.434','6.25678','300','0','0','3052','0','0','0','0','0');
insert into `creature` (`guid`, `id`, `map`, `spawnMask`, `phaseMask`, `modelid`, `equipment_id`, `position_x`, `position_y`, `position_z`, `orientation`, `spawntimesecs`, `spawndist`, `currentwaypoint`, `curhealth`, `curmana`, `MovementType`, `npcflag`, `unit_flags`, `dynamicflags`) values('1581201','391267','0','1','3969','0','0','-8780.17','446.009','159.434','5.43868','300','0','0','3052','0','0','0','0','0');
insert into `creature` (`guid`, `id`, `map`, `spawnMask`, `phaseMask`, `modelid`, `equipment_id`, `position_x`, `position_y`, `position_z`, `orientation`, `spawntimesecs`, `spawndist`, `currentwaypoint`, `curhealth`, `curmana`, `MovementType`, `npcflag`, `unit_flags`, `dynamicflags`) values('1581202','391267','0','1','3969','0','0','-8892.59','595.028','107.371','5.06168','300','0','0','3052','0','0','0','0','0');
insert into `creature` (`guid`, `id`, `map`, `spawnMask`, `phaseMask`, `modelid`, `equipment_id`, `position_x`, `position_y`, `position_z`, `orientation`, `spawntimesecs`, `spawndist`, `currentwaypoint`, `curhealth`, `curmana`, `MovementType`, `npcflag`, `unit_flags`, `dynamicflags`) values('1581203','391267','0','1','3969','0','0','-8893.68','582.16','93.1931','3.02357','300','0','0','3052','0','0','0','0','0');
insert into `creature` (`guid`, `id`, `map`, `spawnMask`, `phaseMask`, `modelid`, `equipment_id`, `position_x`, `position_y`, `position_z`, `orientation`, `spawntimesecs`, `spawndist`, `currentwaypoint`, `curhealth`, `curmana`, `MovementType`, `npcflag`, `unit_flags`, `dynamicflags`) values('1581204','391268','1','1','3969','0','0','1512.44','-4437.06','23.9141','3.31239','300','0','0','3052','0','0','0','0','0');
insert into `creature` (`guid`, `id`, `map`, `spawnMask`, `phaseMask`, `modelid`, `equipment_id`, `position_x`, `position_y`, `position_z`, `orientation`, `spawntimesecs`, `spawndist`, `currentwaypoint`, `curhealth`, `curmana`, `MovementType`, `npcflag`, `unit_flags`, `dynamicflags`) values('1581205','391268','1','1','3969','0','0','1507.14','-4402.01','23.6484','2.41312','300','0','0','3052','0','0','0','0','0');
insert into `creature` (`guid`, `id`, `map`, `spawnMask`, `phaseMask`, `modelid`, `equipment_id`, `position_x`, `position_y`, `position_z`, `orientation`, `spawntimesecs`, `spawndist`, `currentwaypoint`, `curhealth`, `curmana`, `MovementType`, `npcflag`, `unit_flags`, `dynamicflags`) values('1581206','391268','1','1','3969','0','0','1516.31','-4358.62','77.2579','3.32811','300','0','0','3052','0','0','0','0','0');
insert into `creature` (`guid`, `id`, `map`, `spawnMask`, `phaseMask`, `modelid`, `equipment_id`, `position_x`, `position_y`, `position_z`, `orientation`, `spawntimesecs`, `spawndist`, `currentwaypoint`, `curhealth`, `curmana`, `MovementType`, `npcflag`, `unit_flags`, `dynamicflags`) values('1581207','391268','1','1','3969','0','0','1498.56','-4356.98','73.832','3.57944','300','0','0','3052','0','0','0','0','0');
insert into `creature` (`guid`, `id`, `map`, `spawnMask`, `phaseMask`, `modelid`, `equipment_id`, `position_x`, `position_y`, `position_z`, `orientation`, `spawntimesecs`, `spawndist`, `currentwaypoint`, `curhealth`, `curmana`, `MovementType`, `npcflag`, `unit_flags`, `dynamicflags`) values('1581208','391268','1','1','3969','0','0','1489.99','-4342.88','114.831','4.8989','300','0','0','3052','0','0','0','0','0');
insert into `creature` (`guid`, `id`, `map`, `spawnMask`, `phaseMask`, `modelid`, `equipment_id`, `position_x`, `position_y`, `position_z`, `orientation`, `spawntimesecs`, `spawndist`, `currentwaypoint`, `curhealth`, `curmana`, `MovementType`, `npcflag`, `unit_flags`, `dynamicflags`) values('1581209','391268','1','1','3969','0','0','1473.4','-4361.18','111.381','3.6894','300','0','0','3052','0','0','0','0','0');
insert into `creature` (`guid`, `id`, `map`, `spawnMask`, `phaseMask`, `modelid`, `equipment_id`, `position_x`, `position_y`, `position_z`, `orientation`, `spawntimesecs`, `spawndist`, `currentwaypoint`, `curhealth`, `curmana`, `MovementType`, `npcflag`, `unit_flags`, `dynamicflags`) values('1581210','391268','1','1','3969','0','0','1473.1','-4379.03','78.6737','5.31124','300','0','0','3052','0','0','0','0','0');
insert into `creature` (`guid`, `id`, `map`, `spawnMask`, `phaseMask`, `modelid`, `equipment_id`, `position_x`, `position_y`, `position_z`, `orientation`, `spawntimesecs`, `spawndist`, `currentwaypoint`, `curhealth`, `curmana`, `MovementType`, `npcflag`, `unit_flags`, `dynamicflags`) values('1581211','391268','1','1','3969','0','0','1478.8','-4411.94','79.1377','4.84391','300','0','0','3052','0','0','0','0','0');
insert into `creature` (`guid`, `id`, `map`, `spawnMask`, `phaseMask`, `modelid`, `equipment_id`, `position_x`, `position_y`, `position_z`, `orientation`, `spawntimesecs`, `spawndist`, `currentwaypoint`, `curhealth`, `curmana`, `MovementType`, `npcflag`, `unit_flags`, `dynamicflags`) values('1581212','391268','1','1','3969','0','0','1485.66','-4450.36','78.594','4.67505','300','0','0','3052','0','0','0','0','0');
insert into `creature` (`guid`, `id`, `map`, `spawnMask`, `phaseMask`, `modelid`, `equipment_id`, `position_x`, `position_y`, `position_z`, `orientation`, `spawntimesecs`, `spawndist`, `currentwaypoint`, `curhealth`, `curmana`, `MovementType`, `npcflag`, `unit_flags`, `dynamicflags`) values('1581213','391268','1','1','3969','0','0','1512.02','-4463.97','69.4099','0.449599','300','0','0','3052','0','0','0','0','0');
insert into `creature` (`guid`, `id`, `map`, `spawnMask`, `phaseMask`, `modelid`, `equipment_id`, `position_x`, `position_y`, `position_z`, `orientation`, `spawntimesecs`, `spawndist`, `currentwaypoint`, `curhealth`, `curmana`, `MovementType`, `npcflag`, `unit_flags`, `dynamicflags`) values('1581214','391268','1','1','3969','0','0','1533.65','-4455.64','71.2011','0.316082','300','0','0','3052','0','0','0','0','0');
insert into `creature` (`guid`, `id`, `map`, `spawnMask`, `phaseMask`, `modelid`, `equipment_id`, `position_x`, `position_y`, `position_z`, `orientation`, `spawntimesecs`, `spawndist`, `currentwaypoint`, `curhealth`, `curmana`, `MovementType`, `npcflag`, `unit_flags`, `dynamicflags`) values('1581215','391268','1','1','3969','0','0','1510.46','-4484.13','107.345','2.14214','300','0','0','3052','0','0','0','0','0');
insert into `creature` (`guid`, `id`, `map`, `spawnMask`, `phaseMask`, `modelid`, `equipment_id`, `position_x`, `position_y`, `position_z`, `orientation`, `spawntimesecs`, `spawndist`, `currentwaypoint`, `curhealth`, `curmana`, `MovementType`, `npcflag`, `unit_flags`, `dynamicflags`) values('1581216','391268','1','1','3969','0','0','1483.39','-4474.08','107.629','3.17494','300','0','0','3052','0','0','0','0','0');
insert into `creature` (`guid`, `id`, `map`, `spawnMask`, `phaseMask`, `modelid`, `equipment_id`, `position_x`, `position_y`, `position_z`, `orientation`, `spawntimesecs`, `spawndist`, `currentwaypoint`, `curhealth`, `curmana`, `MovementType`, `npcflag`, `unit_flags`, `dynamicflags`) values('1581217','391268','1','1','3969','0','0','1526.91','-4478.16','72.2201','3.14351','300','0','0','3052','0','0','0','0','0');
insert into `creature` (`guid`, `id`, `map`, `spawnMask`, `phaseMask`, `modelid`, `equipment_id`, `position_x`, `position_y`, `position_z`, `orientation`, `spawntimesecs`, `spawndist`, `currentwaypoint`, `curhealth`, `curmana`, `MovementType`, `npcflag`, `unit_flags`, `dynamicflags`) values('1581218','391268','1','1','3969','0','0','1549.07','-4467.3','73.551','0.477087','300','0','0','3052','0','0','0','0','0');
insert into `creature` (`guid`, `id`, `map`, `spawnMask`, `phaseMask`, `modelid`, `equipment_id`, `position_x`, `position_y`, `position_z`, `orientation`, `spawntimesecs`, `spawndist`, `currentwaypoint`, `curhealth`, `curmana`, `MovementType`, `npcflag`, `unit_flags`, `dynamicflags`) values('1581219','391268','1','1','3969','0','0','1493.19','-4409.8','73.7081','6.16729','300','0','0','3052','0','0','0','0','0');
insert into `creature` (`guid`, `id`, `map`, `spawnMask`, `phaseMask`, `modelid`, `equipment_id`, `position_x`, `position_y`, `position_z`, `orientation`, `spawntimesecs`, `spawndist`, `currentwaypoint`, `curhealth`, `curmana`, `MovementType`, `npcflag`, `unit_flags`, `dynamicflags`) values('1581220','391268','1','1','3969','0','0','1526.08','-4376.3','82.2122','4.68683','300','0','0','3052','0','0','0','0','0');
insert into `creature` (`guid`, `id`, `map`, `spawnMask`, `phaseMask`, `modelid`, `equipment_id`, `position_x`, `position_y`, `position_z`, `orientation`, `spawntimesecs`, `spawndist`, `currentwaypoint`, `curhealth`, `curmana`, `MovementType`, `npcflag`, `unit_flags`, `dynamicflags`) values('1581221','391268','0','1','3969','0','0','-8988.67','661.133','159.434','0.675405','300','0','0','3052','0','0','0','0','0');
insert into `creature` (`guid`, `id`, `map`, `spawnMask`, `phaseMask`, `modelid`, `equipment_id`, `position_x`, `position_y`, `position_z`, `orientation`, `spawntimesecs`, `spawndist`, `currentwaypoint`, `curhealth`, `curmana`, `MovementType`, `npcflag`, `unit_flags`, `dynamicflags`) values('1581222','391268','0','1','3969','0','0','-8980.44','689.457','159.434','5.51346','300','0','0','3052','0','0','0','0','0');
insert into `creature` (`guid`, `id`, `map`, `spawnMask`, `phaseMask`, `modelid`, `equipment_id`, `position_x`, `position_y`, `position_z`, `orientation`, `spawntimesecs`, `spawndist`, `currentwaypoint`, `curhealth`, `curmana`, `MovementType`, `npcflag`, `unit_flags`, `dynamicflags`) values('1581223','391268','0','1','3969','0','0','-8966.13','652.785','129.279','5.39957','300','0','0','3052','0','0','0','0','0');
insert into `creature` (`guid`, `id`, `map`, `spawnMask`, `phaseMask`, `modelid`, `equipment_id`, `position_x`, `position_y`, `position_z`, `orientation`, `spawntimesecs`, `spawndist`, `currentwaypoint`, `curhealth`, `curmana`, `MovementType`, `npcflag`, `unit_flags`, `dynamicflags`) values('1581224','391268','0','1','3969','0','0','-8967.17','631.151','138.9','5.54487','300','0','0','3052','0','0','0','0','0');
insert into `creature` (`guid`, `id`, `map`, `spawnMask`, `phaseMask`, `modelid`, `equipment_id`, `position_x`, `position_y`, `position_z`, `orientation`, `spawntimesecs`, `spawndist`, `currentwaypoint`, `curhealth`, `curmana`, `MovementType`, `npcflag`, `unit_flags`, `dynamicflags`) values('1581225','391268','0','1','3969','0','0','-8921.5','613.799','145.473','0.14525','300','0','0','3052','0','0','0','0','0');
insert into `creature` (`guid`, `id`, `map`, `spawnMask`, `phaseMask`, `modelid`, `equipment_id`, `position_x`, `position_y`, `position_z`, `orientation`, `spawntimesecs`, `spawndist`, `currentwaypoint`, `curhealth`, `curmana`, `MovementType`, `npcflag`, `unit_flags`, `dynamicflags`) values('1581226','391268','0','1','3969','0','0','-8903.73','584.309','145.467','4.39035','300','0','0','3052','0','0','0','0','0');
insert into `creature` (`guid`, `id`, `map`, `spawnMask`, `phaseMask`, `modelid`, `equipment_id`, `position_x`, `position_y`, `position_z`, `orientation`, `spawntimesecs`, `spawndist`, `currentwaypoint`, `curhealth`, `curmana`, `MovementType`, `npcflag`, `unit_flags`, `dynamicflags`) values('1581227','391268','0','1','3969','0','0','-8912.8','597.833','158.546','1.82603','300','0','0','3052','0','0','0','0','0');
insert into `creature` (`guid`, `id`, `map`, `spawnMask`, `phaseMask`, `modelid`, `equipment_id`, `position_x`, `position_y`, `position_z`, `orientation`, `spawntimesecs`, `spawndist`, `currentwaypoint`, `curhealth`, `curmana`, `MovementType`, `npcflag`, `unit_flags`, `dynamicflags`) values('1581228','391268','0','1','3969','0','0','-8898.85','570.42','116.215','0.310214','300','0','0','3052','0','0','0','0','0');
insert into `creature` (`guid`, `id`, `map`, `spawnMask`, `phaseMask`, `modelid`, `equipment_id`, `position_x`, `position_y`, `position_z`, `orientation`, `spawntimesecs`, `spawndist`, `currentwaypoint`, `curhealth`, `curmana`, `MovementType`, `npcflag`, `unit_flags`, `dynamicflags`) values('1581229','391268','0','1','3969','0','0','-8868.54','553.837','145.471','6.08681','300','0','0','3052','0','0','0','0','0');
insert into `creature` (`guid`, `id`, `map`, `spawnMask`, `phaseMask`, `modelid`, `equipment_id`, `position_x`, `position_y`, `position_z`, `orientation`, `spawntimesecs`, `spawndist`, `currentwaypoint`, `curhealth`, `curmana`, `MovementType`, `npcflag`, `unit_flags`, `dynamicflags`) values('1581230','391268','0','1','3969','0','0','-8846.63','501.374','138.934','5.33446','300','0','0','3052','0','0','0','0','0');
insert into `creature` (`guid`, `id`, `map`, `spawnMask`, `phaseMask`, `modelid`, `equipment_id`, `position_x`, `position_y`, `position_z`, `orientation`, `spawntimesecs`, `spawndist`, `currentwaypoint`, `curhealth`, `curmana`, `MovementType`, `npcflag`, `unit_flags`, `dynamicflags`) values('1581231','391268','0','1','3969','0','0','-8816.06','465.552','138.939','5.18393','300','0','0','3052','0','0','0','0','0');
insert into `creature` (`guid`, `id`, `map`, `spawnMask`, `phaseMask`, `modelid`, `equipment_id`, `position_x`, `position_y`, `position_z`, `orientation`, `spawntimesecs`, `spawndist`, `currentwaypoint`, `curhealth`, `curmana`, `MovementType`, `npcflag`, `unit_flags`, `dynamicflags`) values('1581232','391268','0','1','3969','0','0','-8853.97','479.216','143.761','2.30235','300','0','0','3052','0','0','0','0','0');
insert into `creature` (`guid`, `id`, `map`, `spawnMask`, `phaseMask`, `modelid`, `equipment_id`, `position_x`, `position_y`, `position_z`, `orientation`, `spawntimesecs`, `spawndist`, `currentwaypoint`, `curhealth`, `curmana`, `MovementType`, `npcflag`, `unit_flags`, `dynamicflags`) values('1581233','391268','0','1','3969','0','0','-8859.5','533.678','162.202','1.66225','300','0','0','3052','0','0','0','0','0');
insert into `creature` (`guid`, `id`, `map`, `spawnMask`, `phaseMask`, `modelid`, `equipment_id`, `position_x`, `position_y`, `position_z`, `orientation`, `spawntimesecs`, `spawndist`, `currentwaypoint`, `curhealth`, `curmana`, `MovementType`, `npcflag`, `unit_flags`, `dynamicflags`) values('1581234','391268','0','1','3969','0','0','-8809.1','455.239','159.434','6.25678','300','0','0','3052','0','0','0','0','0');
insert into `creature` (`guid`, `id`, `map`, `spawnMask`, `phaseMask`, `modelid`, `equipment_id`, `position_x`, `position_y`, `position_z`, `orientation`, `spawntimesecs`, `spawndist`, `currentwaypoint`, `curhealth`, `curmana`, `MovementType`, `npcflag`, `unit_flags`, `dynamicflags`) values('1581235','391268','0','1','3969','0','0','-8780.17','446.009','159.434','5.43868','300','0','0','3052','0','0','0','0','0');
insert into `creature` (`guid`, `id`, `map`, `spawnMask`, `phaseMask`, `modelid`, `equipment_id`, `position_x`, `position_y`, `position_z`, `orientation`, `spawntimesecs`, `spawndist`, `currentwaypoint`, `curhealth`, `curmana`, `MovementType`, `npcflag`, `unit_flags`, `dynamicflags`) values('1581236','391268','0','1','3969','0','0','-8892.59','595.028','107.371','5.06168','300','0','0','3052','0','0','0','0','0');
insert into `creature` (`guid`, `id`, `map`, `spawnMask`, `phaseMask`, `modelid`, `equipment_id`, `position_x`, `position_y`, `position_z`, `orientation`, `spawntimesecs`, `spawndist`, `currentwaypoint`, `curhealth`, `curmana`, `MovementType`, `npcflag`, `unit_flags`, `dynamicflags`) values('1581237','391268','0','1','3969','0','0','-8893.68','582.16','93.1931','3.02357','300','0','0','3052','0','0','0','0','0');
insert into `creature` (`guid`, `id`, `map`, `spawnMask`, `phaseMask`, `modelid`, `equipment_id`, `position_x`, `position_y`, `position_z`, `orientation`, `spawntimesecs`, `spawndist`, `currentwaypoint`, `curhealth`, `curmana`, `MovementType`, `npcflag`, `unit_flags`, `dynamicflags`) values('1581238','391269','1','1','3969','0','0','1504.58','-4432.29','24.9462','2.35027','300','0','0','3052','0','0','0','0','0');
insert into `creature` (`guid`, `id`, `map`, `spawnMask`, `phaseMask`, `modelid`, `equipment_id`, `position_x`, `position_y`, `position_z`, `orientation`, `spawntimesecs`, `spawndist`, `currentwaypoint`, `curhealth`, `curmana`, `MovementType`, `npcflag`, `unit_flags`, `dynamicflags`) values('1581239','391269','1','1','3969','0','0','1495.65','-4400.21','24.3474','3.90537','300','0','0','3052','0','0','0','0','0');
insert into `creature` (`guid`, `id`, `map`, `spawnMask`, `phaseMask`, `modelid`, `equipment_id`, `position_x`, `position_y`, `position_z`, `orientation`, `spawntimesecs`, `spawndist`, `currentwaypoint`, `curhealth`, `curmana`, `MovementType`, `npcflag`, `unit_flags`, `dynamicflags`) values('1581240','391269','1','1','3969','0','0','1508.36','-4359.23','74.4688','3.24564','300','0','0','3052','0','0','0','0','0');
insert into `creature` (`guid`, `id`, `map`, `spawnMask`, `phaseMask`, `modelid`, `equipment_id`, `position_x`, `position_y`, `position_z`, `orientation`, `spawntimesecs`, `spawndist`, `currentwaypoint`, `curhealth`, `curmana`, `MovementType`, `npcflag`, `unit_flags`, `dynamicflags`) values('1581241','391269','1','1','3969','0','0','1483.95','-4357.85','109.688','1.03868','300','0','0','3052','0','0','0','0','0');
insert into `creature` (`guid`, `id`, `map`, `spawnMask`, `phaseMask`, `modelid`, `equipment_id`, `position_x`, `position_y`, `position_z`, `orientation`, `spawntimesecs`, `spawndist`, `currentwaypoint`, `curhealth`, `curmana`, `MovementType`, `npcflag`, `unit_flags`, `dynamicflags`) values('1581242','391269','1','1','3969','0','0','1460.17','-4359.2','110.86','1.17612','300','0','0','3052','0','0','0','0','0');
insert into `creature` (`guid`, `id`, `map`, `spawnMask`, `phaseMask`, `modelid`, `equipment_id`, `position_x`, `position_y`, `position_z`, `orientation`, `spawntimesecs`, `spawndist`, `currentwaypoint`, `curhealth`, `curmana`, `MovementType`, `npcflag`, `unit_flags`, `dynamicflags`) values('1581243','391269','1','1','3969','0','0','1472.33','-4392.66','78.2528','5.14629','300','0','0','3052','0','0','0','0','0');
insert into `creature` (`guid`, `id`, `map`, `spawnMask`, `phaseMask`, `modelid`, `equipment_id`, `position_x`, `position_y`, `position_z`, `orientation`, `spawntimesecs`, `spawndist`, `currentwaypoint`, `curhealth`, `curmana`, `MovementType`, `npcflag`, `unit_flags`, `dynamicflags`) values('1581244','391269','1','1','3969','0','0','1483.57','-4427.1','78.9931','4.96957','300','0','0','3052','0','0','0','0','0');
insert into `creature` (`guid`, `id`, `map`, `spawnMask`, `phaseMask`, `modelid`, `equipment_id`, `position_x`, `position_y`, `position_z`, `orientation`, `spawntimesecs`, `spawndist`, `currentwaypoint`, `curhealth`, `curmana`, `MovementType`, `npcflag`, `unit_flags`, `dynamicflags`) values('1581245','391269','1','1','3969','0','0','1488.77','-4470.27','78.5584','4.79678','300','0','0','3052','0','0','0','0','0');
insert into `creature` (`guid`, `id`, `map`, `spawnMask`, `phaseMask`, `modelid`, `equipment_id`, `position_x`, `position_y`, `position_z`, `orientation`, `spawntimesecs`, `spawndist`, `currentwaypoint`, `curhealth`, `curmana`, `MovementType`, `npcflag`, `unit_flags`, `dynamicflags`) values('1581246','391269','1','1','3969','0','0','1527.16','-4458.05','70.197','0.363206','300','0','0','3052','0','0','0','0','0');
insert into `creature` (`guid`, `id`, `map`, `spawnMask`, `phaseMask`, `modelid`, `equipment_id`, `position_x`, `position_y`, `position_z`, `orientation`, `spawntimesecs`, `spawndist`, `currentwaypoint`, `curhealth`, `curmana`, `MovementType`, `npcflag`, `unit_flags`, `dynamicflags`) values('1581247','391269','1','1','3969','0','0','1542.32','-4452.55','72.1111','0.414256','300','0','0','3052','0','0','0','0','0');
insert into `creature` (`guid`, `id`, `map`, `spawnMask`, `phaseMask`, `modelid`, `equipment_id`, `position_x`, `position_y`, `position_z`, `orientation`, `spawntimesecs`, `spawndist`, `currentwaypoint`, `curhealth`, `curmana`, `MovementType`, `npcflag`, `unit_flags`, `dynamicflags`) values('1581248','391269','1','1','3969','0','0','1495.95','-4474.92','107.682','2.24031','300','0','0','3052','0','0','0','0','0');
insert into `creature` (`guid`, `id`, `map`, `spawnMask`, `phaseMask`, `modelid`, `equipment_id`, `position_x`, `position_y`, `position_z`, `orientation`, `spawntimesecs`, `spawndist`, `currentwaypoint`, `curhealth`, `curmana`, `MovementType`, `npcflag`, `unit_flags`, `dynamicflags`) values('1581249','391269','1','1','3969','0','0','1537.14','-4474.17','72.9647','0.75983','300','0','0','3052','0','0','0','0','0');
insert into `creature` (`guid`, `id`, `map`, `spawnMask`, `phaseMask`, `modelid`, `equipment_id`, `position_x`, `position_y`, `position_z`, `orientation`, `spawntimesecs`, `spawndist`, `currentwaypoint`, `curhealth`, `curmana`, `MovementType`, `npcflag`, `unit_flags`, `dynamicflags`) values('1581250','391269','1','1','3969','0','0','1496.23','-4426.56','71.3261','0.0843792','300','0','0','3052','0','0','0','0','0');
insert into `creature` (`guid`, `id`, `map`, `spawnMask`, `phaseMask`, `modelid`, `equipment_id`, `position_x`, `position_y`, `position_z`, `orientation`, `spawntimesecs`, `spawndist`, `currentwaypoint`, `curhealth`, `curmana`, `MovementType`, `npcflag`, `unit_flags`, `dynamicflags`) values('1581251','391269','1','1','3969','0','0','1489.93','-4382.4','71.1749','0.261092','300','0','0','3052','0','0','0','0','0');
insert into `creature` (`guid`, `id`, `map`, `spawnMask`, `phaseMask`, `modelid`, `equipment_id`, `position_x`, `position_y`, `position_z`, `orientation`, `spawntimesecs`, `spawndist`, `currentwaypoint`, `curhealth`, `curmana`, `MovementType`, `npcflag`, `unit_flags`, `dynamicflags`) values('1581252','391269','0','1','3969','0','0','-8977.71','673.604','159.434','1.03669','300','0','0','3052','0','0','0','0','0');
insert into `creature` (`guid`, `id`, `map`, `spawnMask`, `phaseMask`, `modelid`, `equipment_id`, `position_x`, `position_y`, `position_z`, `orientation`, `spawntimesecs`, `spawndist`, `currentwaypoint`, `curhealth`, `curmana`, `MovementType`, `npcflag`, `unit_flags`, `dynamicflags`) values('1581253','391269','0','1','3969','0','0','-8949.79','631.67','129.266','5.37602','300','0','0','3052','0','0','0','0','0');
insert into `creature` (`guid`, `id`, `map`, `spawnMask`, `phaseMask`, `modelid`, `equipment_id`, `position_x`, `position_y`, `position_z`, `orientation`, `spawntimesecs`, `spawndist`, `currentwaypoint`, `curhealth`, `curmana`, `MovementType`, `npcflag`, `unit_flags`, `dynamicflags`) values('1581254','391269','0','1','3969','0','0','-8978.94','645.814','138.9','2.85096','300','0','0','3052','0','0','0','0','0');
insert into `creature` (`guid`, `id`, `map`, `spawnMask`, `phaseMask`, `modelid`, `equipment_id`, `position_x`, `position_y`, `position_z`, `orientation`, `spawntimesecs`, `spawndist`, `currentwaypoint`, `curhealth`, `curmana`, `MovementType`, `npcflag`, `unit_flags`, `dynamicflags`) values('1581255','391269','0','1','3969','0','0','-8955.57','615.378','138.9','5.3603','300','0','0','3052','0','0','0','0','0');
insert into `creature` (`guid`, `id`, `map`, `spawnMask`, `phaseMask`, `modelid`, `equipment_id`, `position_x`, `position_y`, `position_z`, `orientation`, `spawntimesecs`, `spawndist`, `currentwaypoint`, `curhealth`, `curmana`, `MovementType`, `npcflag`, `unit_flags`, `dynamicflags`) values('1581256','391269','0','1','3969','0','0','-8910.32','609.325','145.472','5.80798','300','0','0','3052','0','0','0','0','0');
insert into `creature` (`guid`, `id`, `map`, `spawnMask`, `phaseMask`, `modelid`, `equipment_id`, `position_x`, `position_y`, `position_z`, `orientation`, `spawntimesecs`, `spawndist`, `currentwaypoint`, `curhealth`, `curmana`, `MovementType`, `npcflag`, `unit_flags`, `dynamicflags`) values('1581257','391269','0','1','3969','0','0','-8908.48','580.994','162.261','3.67957','300','0','0','3052','0','0','0','0','0');
insert into `creature` (`guid`, `id`, `map`, `spawnMask`, `phaseMask`, `modelid`, `equipment_id`, `position_x`, `position_y`, `position_z`, `orientation`, `spawntimesecs`, `spawndist`, `currentwaypoint`, `curhealth`, `curmana`, `MovementType`, `npcflag`, `unit_flags`, `dynamicflags`) values('1581258','391269','0','1','3969','0','0','-8916.81','607.668','162.201','1.89671','300','0','0','3052','0','0','0','0','0');
insert into `creature` (`guid`, `id`, `map`, `spawnMask`, `phaseMask`, `modelid`, `equipment_id`, `position_x`, `position_y`, `position_z`, `orientation`, `spawntimesecs`, `spawndist`, `currentwaypoint`, `curhealth`, `curmana`, `MovementType`, `npcflag`, `unit_flags`, `dynamicflags`) values('1581259','391269','0','1','3969','0','0','-8887.05','555.576','115.853','5.41531','300','0','0','3052','0','0','0','0','0');
insert into `creature` (`guid`, `id`, `map`, `spawnMask`, `phaseMask`, `modelid`, `equipment_id`, `position_x`, `position_y`, `position_z`, `orientation`, `spawntimesecs`, `spawndist`, `currentwaypoint`, `curhealth`, `curmana`, `MovementType`, `npcflag`, `unit_flags`, `dynamicflags`) values('1581260','391269','0','1','3969','0','0','-8883.09','553.891','145.463','0.0510268','300','0','0','3052','0','0','0','0','0');
insert into `creature` (`guid`, `id`, `map`, `spawnMask`, `phaseMask`, `modelid`, `equipment_id`, `position_x`, `position_y`, `position_z`, `orientation`, `spawntimesecs`, `spawndist`, `currentwaypoint`, `curhealth`, `curmana`, `MovementType`, `npcflag`, `unit_flags`, `dynamicflags`) values('1581261','391269','0','1','3969','0','0','-8860.9','538.57','142.578','5.11292','300','0','0','3052','0','0','0','0','0');
insert into `creature` (`guid`, `id`, `map`, `spawnMask`, `phaseMask`, `modelid`, `equipment_id`, `position_x`, `position_y`, `position_z`, `orientation`, `spawntimesecs`, `spawndist`, `currentwaypoint`, `curhealth`, `curmana`, `MovementType`, `npcflag`, `unit_flags`, `dynamicflags`) values('1581262','391269','0','1','3969','0','0','-8831.28','483.234','138.933','5.46405','300','0','0','3052','0','0','0','0','0');
insert into `creature` (`guid`, `id`, `map`, `spawnMask`, `phaseMask`, `modelid`, `equipment_id`, `position_x`, `position_y`, `position_z`, `orientation`, `spawntimesecs`, `spawndist`, `currentwaypoint`, `curhealth`, `curmana`, `MovementType`, `npcflag`, `unit_flags`, `dynamicflags`) values('1581263','391269','0','1','3969','0','0','-8835.48','461.243','143.455','5.34577','300','0','0','3052','0','0','0','0','0');
insert into `creature` (`guid`, `id`, `map`, `spawnMask`, `phaseMask`, `modelid`, `equipment_id`, `position_x`, `position_y`, `position_z`, `orientation`, `spawntimesecs`, `spawndist`, `currentwaypoint`, `curhealth`, `curmana`, `MovementType`, `npcflag`, `unit_flags`, `dynamicflags`) values('1581264','391269','0','1','3969','0','0','-8879.99','552.879','162.26','2.84428','300','0','0','3052','0','0','0','0','0');
insert into `creature` (`guid`, `id`, `map`, `spawnMask`, `phaseMask`, `modelid`, `equipment_id`, `position_x`, `position_y`, `position_z`, `orientation`, `spawntimesecs`, `spawndist`, `currentwaypoint`, `curhealth`, `curmana`, `MovementType`, `npcflag`, `unit_flags`, `dynamicflags`) values('1581265','391269','0','1','3969','0','0','-8789.25','456.746','159.433','4.23703','300','0','0','3052','0','0','0','0','0');
insert into `creature` (`guid`, `id`, `map`, `spawnMask`, `phaseMask`, `modelid`, `equipment_id`, `position_x`, `position_y`, `position_z`, `orientation`, `spawntimesecs`, `spawndist`, `currentwaypoint`, `curhealth`, `curmana`, `MovementType`, `npcflag`, `unit_flags`, `dynamicflags`) values('1581266','391269','0','1','3969','0','0','-8876.37','557.99','99.8653','4.31555','300','0','0','3052','0','0','0','0','0');
insert into `creature` (`guid`, `id`, `map`, `spawnMask`, `phaseMask`, `modelid`, `equipment_id`, `position_x`, `position_y`, `position_z`, `orientation`, `spawntimesecs`, `spawndist`, `currentwaypoint`, `curhealth`, `curmana`, `MovementType`, `npcflag`, `unit_flags`, `dynamicflags`) values('1581267','391269','0','1','3969','0','0','-8879.79','566.91','93.5635','4.30377','300','0','0','3052','0','0','0','0','0');
insert into `creature` (`guid`, `id`, `map`, `spawnMask`, `phaseMask`, `modelid`, `equipment_id`, `position_x`, `position_y`, `position_z`, `orientation`, `spawntimesecs`, `spawndist`, `currentwaypoint`, `curhealth`, `curmana`, `MovementType`, `npcflag`, `unit_flags`, `dynamicflags`) values('1581268','391270','1','1','3969','0','0','1504.58','-4432.29','24.9462','2.35027','300','0','0','3052','0','0','0','0','0');
insert into `creature` (`guid`, `id`, `map`, `spawnMask`, `phaseMask`, `modelid`, `equipment_id`, `position_x`, `position_y`, `position_z`, `orientation`, `spawntimesecs`, `spawndist`, `currentwaypoint`, `curhealth`, `curmana`, `MovementType`, `npcflag`, `unit_flags`, `dynamicflags`) values('1581269','391270','1','1','3969','0','0','1495.65','-4400.21','24.3474','3.90537','300','0','0','3052','0','0','0','0','0');
insert into `creature` (`guid`, `id`, `map`, `spawnMask`, `phaseMask`, `modelid`, `equipment_id`, `position_x`, `position_y`, `position_z`, `orientation`, `spawntimesecs`, `spawndist`, `currentwaypoint`, `curhealth`, `curmana`, `MovementType`, `npcflag`, `unit_flags`, `dynamicflags`) values('1581270','391270','1','1','3969','0','0','1508.36','-4359.23','74.4688','3.24564','300','0','0','3052','0','0','0','0','0');
insert into `creature` (`guid`, `id`, `map`, `spawnMask`, `phaseMask`, `modelid`, `equipment_id`, `position_x`, `position_y`, `position_z`, `orientation`, `spawntimesecs`, `spawndist`, `currentwaypoint`, `curhealth`, `curmana`, `MovementType`, `npcflag`, `unit_flags`, `dynamicflags`) values('1581271','391270','1','1','3969','0','0','1483.95','-4357.85','109.688','1.03868','300','0','0','3052','0','0','0','0','0');
insert into `creature` (`guid`, `id`, `map`, `spawnMask`, `phaseMask`, `modelid`, `equipment_id`, `position_x`, `position_y`, `position_z`, `orientation`, `spawntimesecs`, `spawndist`, `currentwaypoint`, `curhealth`, `curmana`, `MovementType`, `npcflag`, `unit_flags`, `dynamicflags`) values('1581272','391270','1','1','3969','0','0','1460.17','-4359.2','110.86','1.17612','300','0','0','3052','0','0','0','0','0');
insert into `creature` (`guid`, `id`, `map`, `spawnMask`, `phaseMask`, `modelid`, `equipment_id`, `position_x`, `position_y`, `position_z`, `orientation`, `spawntimesecs`, `spawndist`, `currentwaypoint`, `curhealth`, `curmana`, `MovementType`, `npcflag`, `unit_flags`, `dynamicflags`) values('1581273','391270','1','1','3969','0','0','1472.33','-4392.66','78.2528','5.14629','300','0','0','3052','0','0','0','0','0');
insert into `creature` (`guid`, `id`, `map`, `spawnMask`, `phaseMask`, `modelid`, `equipment_id`, `position_x`, `position_y`, `position_z`, `orientation`, `spawntimesecs`, `spawndist`, `currentwaypoint`, `curhealth`, `curmana`, `MovementType`, `npcflag`, `unit_flags`, `dynamicflags`) values('1581274','391270','1','1','3969','0','0','1483.57','-4427.1','78.9931','4.96957','300','0','0','3052','0','0','0','0','0');
insert into `creature` (`guid`, `id`, `map`, `spawnMask`, `phaseMask`, `modelid`, `equipment_id`, `position_x`, `position_y`, `position_z`, `orientation`, `spawntimesecs`, `spawndist`, `currentwaypoint`, `curhealth`, `curmana`, `MovementType`, `npcflag`, `unit_flags`, `dynamicflags`) values('1581275','391270','1','1','3969','0','0','1488.77','-4470.27','78.5584','4.79678','300','0','0','3052','0','0','0','0','0');
insert into `creature` (`guid`, `id`, `map`, `spawnMask`, `phaseMask`, `modelid`, `equipment_id`, `position_x`, `position_y`, `position_z`, `orientation`, `spawntimesecs`, `spawndist`, `currentwaypoint`, `curhealth`, `curmana`, `MovementType`, `npcflag`, `unit_flags`, `dynamicflags`) values('1581276','391270','1','1','3969','0','0','1527.16','-4458.05','70.197','0.363206','300','0','0','3052','0','0','0','0','0');
insert into `creature` (`guid`, `id`, `map`, `spawnMask`, `phaseMask`, `modelid`, `equipment_id`, `position_x`, `position_y`, `position_z`, `orientation`, `spawntimesecs`, `spawndist`, `currentwaypoint`, `curhealth`, `curmana`, `MovementType`, `npcflag`, `unit_flags`, `dynamicflags`) values('1581277','391270','1','1','3969','0','0','1542.32','-4452.55','72.1111','0.414256','300','0','0','3052','0','0','0','0','0');
insert into `creature` (`guid`, `id`, `map`, `spawnMask`, `phaseMask`, `modelid`, `equipment_id`, `position_x`, `position_y`, `position_z`, `orientation`, `spawntimesecs`, `spawndist`, `currentwaypoint`, `curhealth`, `curmana`, `MovementType`, `npcflag`, `unit_flags`, `dynamicflags`) values('1581278','391270','1','1','3969','0','0','1495.95','-4474.92','107.682','2.24031','300','0','0','3052','0','0','0','0','0');
insert into `creature` (`guid`, `id`, `map`, `spawnMask`, `phaseMask`, `modelid`, `equipment_id`, `position_x`, `position_y`, `position_z`, `orientation`, `spawntimesecs`, `spawndist`, `currentwaypoint`, `curhealth`, `curmana`, `MovementType`, `npcflag`, `unit_flags`, `dynamicflags`) values('1581279','391270','1','1','3969','0','0','1537.14','-4474.17','72.9647','0.75983','300','0','0','3052','0','0','0','0','0');
insert into `creature` (`guid`, `id`, `map`, `spawnMask`, `phaseMask`, `modelid`, `equipment_id`, `position_x`, `position_y`, `position_z`, `orientation`, `spawntimesecs`, `spawndist`, `currentwaypoint`, `curhealth`, `curmana`, `MovementType`, `npcflag`, `unit_flags`, `dynamicflags`) values('1581280','391270','1','1','3969','0','0','1496.23','-4426.56','71.3261','0.0843792','300','0','0','3052','0','0','0','0','0');
insert into `creature` (`guid`, `id`, `map`, `spawnMask`, `phaseMask`, `modelid`, `equipment_id`, `position_x`, `position_y`, `position_z`, `orientation`, `spawntimesecs`, `spawndist`, `currentwaypoint`, `curhealth`, `curmana`, `MovementType`, `npcflag`, `unit_flags`, `dynamicflags`) values('1581281','391270','1','1','3969','0','0','1489.93','-4382.4','71.1749','0.261092','300','0','0','3052','0','0','0','0','0');
insert into `creature` (`guid`, `id`, `map`, `spawnMask`, `phaseMask`, `modelid`, `equipment_id`, `position_x`, `position_y`, `position_z`, `orientation`, `spawntimesecs`, `spawndist`, `currentwaypoint`, `curhealth`, `curmana`, `MovementType`, `npcflag`, `unit_flags`, `dynamicflags`) values('1581282','391270','0','1','3969','0','0','-8977.71','673.604','159.434','1.03669','300','0','0','3052','0','0','0','0','0');
insert into `creature` (`guid`, `id`, `map`, `spawnMask`, `phaseMask`, `modelid`, `equipment_id`, `position_x`, `position_y`, `position_z`, `orientation`, `spawntimesecs`, `spawndist`, `currentwaypoint`, `curhealth`, `curmana`, `MovementType`, `npcflag`, `unit_flags`, `dynamicflags`) values('1581283','391270','0','1','3969','0','0','-8949.79','631.67','129.266','5.37602','300','0','0','3052','0','0','0','0','0');
insert into `creature` (`guid`, `id`, `map`, `spawnMask`, `phaseMask`, `modelid`, `equipment_id`, `position_x`, `position_y`, `position_z`, `orientation`, `spawntimesecs`, `spawndist`, `currentwaypoint`, `curhealth`, `curmana`, `MovementType`, `npcflag`, `unit_flags`, `dynamicflags`) values('1581284','391270','0','1','3969','0','0','-8978.94','645.814','138.9','2.85096','300','0','0','3052','0','0','0','0','0');
insert into `creature` (`guid`, `id`, `map`, `spawnMask`, `phaseMask`, `modelid`, `equipment_id`, `position_x`, `position_y`, `position_z`, `orientation`, `spawntimesecs`, `spawndist`, `currentwaypoint`, `curhealth`, `curmana`, `MovementType`, `npcflag`, `unit_flags`, `dynamicflags`) values('1581285','391270','0','1','3969','0','0','-8955.57','615.378','138.9','5.3603','300','0','0','3052','0','0','0','0','0');
insert into `creature` (`guid`, `id`, `map`, `spawnMask`, `phaseMask`, `modelid`, `equipment_id`, `position_x`, `position_y`, `position_z`, `orientation`, `spawntimesecs`, `spawndist`, `currentwaypoint`, `curhealth`, `curmana`, `MovementType`, `npcflag`, `unit_flags`, `dynamicflags`) values('1581286','391270','0','1','3969','0','0','-8910.32','609.325','145.472','5.80798','300','0','0','3052','0','0','0','0','0');
insert into `creature` (`guid`, `id`, `map`, `spawnMask`, `phaseMask`, `modelid`, `equipment_id`, `position_x`, `position_y`, `position_z`, `orientation`, `spawntimesecs`, `spawndist`, `currentwaypoint`, `curhealth`, `curmana`, `MovementType`, `npcflag`, `unit_flags`, `dynamicflags`) values('1581287','391270','0','1','3969','0','0','-8908.48','580.994','162.261','3.67957','300','0','0','3052','0','0','0','0','0');
insert into `creature` (`guid`, `id`, `map`, `spawnMask`, `phaseMask`, `modelid`, `equipment_id`, `position_x`, `position_y`, `position_z`, `orientation`, `spawntimesecs`, `spawndist`, `currentwaypoint`, `curhealth`, `curmana`, `MovementType`, `npcflag`, `unit_flags`, `dynamicflags`) values('1581288','391270','0','1','3969','0','0','-8916.81','607.668','162.201','1.89671','300','0','0','3052','0','0','0','0','0');
insert into `creature` (`guid`, `id`, `map`, `spawnMask`, `phaseMask`, `modelid`, `equipment_id`, `position_x`, `position_y`, `position_z`, `orientation`, `spawntimesecs`, `spawndist`, `currentwaypoint`, `curhealth`, `curmana`, `MovementType`, `npcflag`, `unit_flags`, `dynamicflags`) values('1581289','391270','0','1','3969','0','0','-8887.05','555.576','115.853','5.41531','300','0','0','3052','0','0','0','0','0');
insert into `creature` (`guid`, `id`, `map`, `spawnMask`, `phaseMask`, `modelid`, `equipment_id`, `position_x`, `position_y`, `position_z`, `orientation`, `spawntimesecs`, `spawndist`, `currentwaypoint`, `curhealth`, `curmana`, `MovementType`, `npcflag`, `unit_flags`, `dynamicflags`) values('1581290','391270','0','1','3969','0','0','-8883.09','553.891','145.463','0.0510268','300','0','0','3052','0','0','0','0','0');
insert into `creature` (`guid`, `id`, `map`, `spawnMask`, `phaseMask`, `modelid`, `equipment_id`, `position_x`, `position_y`, `position_z`, `orientation`, `spawntimesecs`, `spawndist`, `currentwaypoint`, `curhealth`, `curmana`, `MovementType`, `npcflag`, `unit_flags`, `dynamicflags`) values('1581291','391270','0','1','3969','0','0','-8860.9','538.57','142.578','5.11292','300','0','0','3052','0','0','0','0','0');
insert into `creature` (`guid`, `id`, `map`, `spawnMask`, `phaseMask`, `modelid`, `equipment_id`, `position_x`, `position_y`, `position_z`, `orientation`, `spawntimesecs`, `spawndist`, `currentwaypoint`, `curhealth`, `curmana`, `MovementType`, `npcflag`, `unit_flags`, `dynamicflags`) values('1581292','391270','0','1','3969','0','0','-8831.28','483.234','138.933','5.46405','300','0','0','3052','0','0','0','0','0');
insert into `creature` (`guid`, `id`, `map`, `spawnMask`, `phaseMask`, `modelid`, `equipment_id`, `position_x`, `position_y`, `position_z`, `orientation`, `spawntimesecs`, `spawndist`, `currentwaypoint`, `curhealth`, `curmana`, `MovementType`, `npcflag`, `unit_flags`, `dynamicflags`) values('1581293','391270','0','1','3969','0','0','-8835.48','461.243','143.455','5.34577','300','0','0','3052','0','0','0','0','0');
insert into `creature` (`guid`, `id`, `map`, `spawnMask`, `phaseMask`, `modelid`, `equipment_id`, `position_x`, `position_y`, `position_z`, `orientation`, `spawntimesecs`, `spawndist`, `currentwaypoint`, `curhealth`, `curmana`, `MovementType`, `npcflag`, `unit_flags`, `dynamicflags`) values('1581294','391270','0','1','3969','0','0','-8879.99','552.879','162.26','2.84428','300','0','0','3052','0','0','0','0','0');
insert into `creature` (`guid`, `id`, `map`, `spawnMask`, `phaseMask`, `modelid`, `equipment_id`, `position_x`, `position_y`, `position_z`, `orientation`, `spawntimesecs`, `spawndist`, `currentwaypoint`, `curhealth`, `curmana`, `MovementType`, `npcflag`, `unit_flags`, `dynamicflags`) values('1581295','391270','0','1','3969','0','0','-8789.25','456.746','159.433','4.23703','300','0','0','3052','0','0','0','0','0');
insert into `creature` (`guid`, `id`, `map`, `spawnMask`, `phaseMask`, `modelid`, `equipment_id`, `position_x`, `position_y`, `position_z`, `orientation`, `spawntimesecs`, `spawndist`, `currentwaypoint`, `curhealth`, `curmana`, `MovementType`, `npcflag`, `unit_flags`, `dynamicflags`) values('1581296','391270','0','1','3969','0','0','-8876.37','557.99','99.8653','4.31555','300','0','0','3052','0','0','0','0','0');
insert into `creature` (`guid`, `id`, `map`, `spawnMask`, `phaseMask`, `modelid`, `equipment_id`, `position_x`, `position_y`, `position_z`, `orientation`, `spawntimesecs`, `spawndist`, `currentwaypoint`, `curhealth`, `curmana`, `MovementType`, `npcflag`, `unit_flags`, `dynamicflags`) values('1581297','391270','0','1','3969','0','0','-8879.79','566.91','93.5635','4.30377','300','0','0','3052','0','0','0','0','0');
insert into `creature` (`guid`, `id`, `map`, `spawnMask`, `phaseMask`, `modelid`, `equipment_id`, `position_x`, `position_y`, `position_z`, `orientation`, `spawntimesecs`, `spawndist`, `currentwaypoint`, `curhealth`, `curmana`, `MovementType`, `npcflag`, `unit_flags`, `dynamicflags`) values('1581298','391271','1','1','3969','0','0','1504.58','-4432.29','24.9462','2.35027','300','0','0','3052','0','0','0','0','0');
insert into `creature` (`guid`, `id`, `map`, `spawnMask`, `phaseMask`, `modelid`, `equipment_id`, `position_x`, `position_y`, `position_z`, `orientation`, `spawntimesecs`, `spawndist`, `currentwaypoint`, `curhealth`, `curmana`, `MovementType`, `npcflag`, `unit_flags`, `dynamicflags`) values('1581299','391271','1','1','3969','0','0','1495.65','-4400.21','24.3474','3.90537','300','0','0','3052','0','0','0','0','0');
insert into `creature` (`guid`, `id`, `map`, `spawnMask`, `phaseMask`, `modelid`, `equipment_id`, `position_x`, `position_y`, `position_z`, `orientation`, `spawntimesecs`, `spawndist`, `currentwaypoint`, `curhealth`, `curmana`, `MovementType`, `npcflag`, `unit_flags`, `dynamicflags`) values('1581300','391271','1','1','3969','0','0','1508.36','-4359.23','74.4688','3.24564','300','0','0','3052','0','0','0','0','0');
insert into `creature` (`guid`, `id`, `map`, `spawnMask`, `phaseMask`, `modelid`, `equipment_id`, `position_x`, `position_y`, `position_z`, `orientation`, `spawntimesecs`, `spawndist`, `currentwaypoint`, `curhealth`, `curmana`, `MovementType`, `npcflag`, `unit_flags`, `dynamicflags`) values('1581301','391271','1','1','3969','0','0','1483.95','-4357.85','109.688','1.03868','300','0','0','3052','0','0','0','0','0');
insert into `creature` (`guid`, `id`, `map`, `spawnMask`, `phaseMask`, `modelid`, `equipment_id`, `position_x`, `position_y`, `position_z`, `orientation`, `spawntimesecs`, `spawndist`, `currentwaypoint`, `curhealth`, `curmana`, `MovementType`, `npcflag`, `unit_flags`, `dynamicflags`) values('1581302','391271','1','1','3969','0','0','1460.17','-4359.2','110.86','1.17612','300','0','0','3052','0','0','0','0','0');
insert into `creature` (`guid`, `id`, `map`, `spawnMask`, `phaseMask`, `modelid`, `equipment_id`, `position_x`, `position_y`, `position_z`, `orientation`, `spawntimesecs`, `spawndist`, `currentwaypoint`, `curhealth`, `curmana`, `MovementType`, `npcflag`, `unit_flags`, `dynamicflags`) values('1581303','391271','1','1','3969','0','0','1472.33','-4392.66','78.2528','5.14629','300','0','0','3052','0','0','0','0','0');
insert into `creature` (`guid`, `id`, `map`, `spawnMask`, `phaseMask`, `modelid`, `equipment_id`, `position_x`, `position_y`, `position_z`, `orientation`, `spawntimesecs`, `spawndist`, `currentwaypoint`, `curhealth`, `curmana`, `MovementType`, `npcflag`, `unit_flags`, `dynamicflags`) values('1581304','391271','1','1','3969','0','0','1483.57','-4427.1','78.9931','4.96957','300','0','0','3052','0','0','0','0','0');
insert into `creature` (`guid`, `id`, `map`, `spawnMask`, `phaseMask`, `modelid`, `equipment_id`, `position_x`, `position_y`, `position_z`, `orientation`, `spawntimesecs`, `spawndist`, `currentwaypoint`, `curhealth`, `curmana`, `MovementType`, `npcflag`, `unit_flags`, `dynamicflags`) values('1581305','391271','1','1','3969','0','0','1488.77','-4470.27','78.5584','4.79678','300','0','0','3052','0','0','0','0','0');
insert into `creature` (`guid`, `id`, `map`, `spawnMask`, `phaseMask`, `modelid`, `equipment_id`, `position_x`, `position_y`, `position_z`, `orientation`, `spawntimesecs`, `spawndist`, `currentwaypoint`, `curhealth`, `curmana`, `MovementType`, `npcflag`, `unit_flags`, `dynamicflags`) values('1581306','391271','1','1','3969','0','0','1527.16','-4458.05','70.197','0.363206','300','0','0','3052','0','0','0','0','0');
insert into `creature` (`guid`, `id`, `map`, `spawnMask`, `phaseMask`, `modelid`, `equipment_id`, `position_x`, `position_y`, `position_z`, `orientation`, `spawntimesecs`, `spawndist`, `currentwaypoint`, `curhealth`, `curmana`, `MovementType`, `npcflag`, `unit_flags`, `dynamicflags`) values('1581307','391271','1','1','3969','0','0','1542.32','-4452.55','72.1111','0.414256','300','0','0','3052','0','0','0','0','0');
insert into `creature` (`guid`, `id`, `map`, `spawnMask`, `phaseMask`, `modelid`, `equipment_id`, `position_x`, `position_y`, `position_z`, `orientation`, `spawntimesecs`, `spawndist`, `currentwaypoint`, `curhealth`, `curmana`, `MovementType`, `npcflag`, `unit_flags`, `dynamicflags`) values('1581308','391271','1','1','3969','0','0','1495.95','-4474.92','107.682','2.24031','300','0','0','3052','0','0','0','0','0');
insert into `creature` (`guid`, `id`, `map`, `spawnMask`, `phaseMask`, `modelid`, `equipment_id`, `position_x`, `position_y`, `position_z`, `orientation`, `spawntimesecs`, `spawndist`, `currentwaypoint`, `curhealth`, `curmana`, `MovementType`, `npcflag`, `unit_flags`, `dynamicflags`) values('1581309','391271','1','1','3969','0','0','1537.14','-4474.17','72.9647','0.75983','300','0','0','3052','0','0','0','0','0');
insert into `creature` (`guid`, `id`, `map`, `spawnMask`, `phaseMask`, `modelid`, `equipment_id`, `position_x`, `position_y`, `position_z`, `orientation`, `spawntimesecs`, `spawndist`, `currentwaypoint`, `curhealth`, `curmana`, `MovementType`, `npcflag`, `unit_flags`, `dynamicflags`) values('1581310','391271','1','1','3969','0','0','1496.23','-4426.56','71.3261','0.0843792','300','0','0','3052','0','0','0','0','0');
insert into `creature` (`guid`, `id`, `map`, `spawnMask`, `phaseMask`, `modelid`, `equipment_id`, `position_x`, `position_y`, `position_z`, `orientation`, `spawntimesecs`, `spawndist`, `currentwaypoint`, `curhealth`, `curmana`, `MovementType`, `npcflag`, `unit_flags`, `dynamicflags`) values('1581311','391271','1','1','3969','0','0','1489.93','-4382.4','71.1749','0.261092','300','0','0','3052','0','0','0','0','0');
insert into `creature` (`guid`, `id`, `map`, `spawnMask`, `phaseMask`, `modelid`, `equipment_id`, `position_x`, `position_y`, `position_z`, `orientation`, `spawntimesecs`, `spawndist`, `currentwaypoint`, `curhealth`, `curmana`, `MovementType`, `npcflag`, `unit_flags`, `dynamicflags`) values('1581312','391271','0','1','3969','0','0','-8977.71','673.604','159.434','1.03669','300','0','0','3052','0','0','0','0','0');
insert into `creature` (`guid`, `id`, `map`, `spawnMask`, `phaseMask`, `modelid`, `equipment_id`, `position_x`, `position_y`, `position_z`, `orientation`, `spawntimesecs`, `spawndist`, `currentwaypoint`, `curhealth`, `curmana`, `MovementType`, `npcflag`, `unit_flags`, `dynamicflags`) values('1581313','391271','0','1','3969','0','0','-8949.79','631.67','129.266','5.37602','300','0','0','3052','0','0','0','0','0');
insert into `creature` (`guid`, `id`, `map`, `spawnMask`, `phaseMask`, `modelid`, `equipment_id`, `position_x`, `position_y`, `position_z`, `orientation`, `spawntimesecs`, `spawndist`, `currentwaypoint`, `curhealth`, `curmana`, `MovementType`, `npcflag`, `unit_flags`, `dynamicflags`) values('1581314','391271','0','1','3969','0','0','-8978.94','645.814','138.9','2.85096','300','0','0','3052','0','0','0','0','0');
insert into `creature` (`guid`, `id`, `map`, `spawnMask`, `phaseMask`, `modelid`, `equipment_id`, `position_x`, `position_y`, `position_z`, `orientation`, `spawntimesecs`, `spawndist`, `currentwaypoint`, `curhealth`, `curmana`, `MovementType`, `npcflag`, `unit_flags`, `dynamicflags`) values('1581315','391271','0','1','3969','0','0','-8955.57','615.378','138.9','5.3603','300','0','0','3052','0','0','0','0','0');
insert into `creature` (`guid`, `id`, `map`, `spawnMask`, `phaseMask`, `modelid`, `equipment_id`, `position_x`, `position_y`, `position_z`, `orientation`, `spawntimesecs`, `spawndist`, `currentwaypoint`, `curhealth`, `curmana`, `MovementType`, `npcflag`, `unit_flags`, `dynamicflags`) values('1581316','391271','0','1','3969','0','0','-8910.32','609.325','145.472','5.80798','300','0','0','3052','0','0','0','0','0');
insert into `creature` (`guid`, `id`, `map`, `spawnMask`, `phaseMask`, `modelid`, `equipment_id`, `position_x`, `position_y`, `position_z`, `orientation`, `spawntimesecs`, `spawndist`, `currentwaypoint`, `curhealth`, `curmana`, `MovementType`, `npcflag`, `unit_flags`, `dynamicflags`) values('1581317','391271','0','1','3969','0','0','-8908.48','580.994','162.261','3.67957','300','0','0','3052','0','0','0','0','0');
insert into `creature` (`guid`, `id`, `map`, `spawnMask`, `phaseMask`, `modelid`, `equipment_id`, `position_x`, `position_y`, `position_z`, `orientation`, `spawntimesecs`, `spawndist`, `currentwaypoint`, `curhealth`, `curmana`, `MovementType`, `npcflag`, `unit_flags`, `dynamicflags`) values('1581318','391271','0','1','3969','0','0','-8916.81','607.668','162.201','1.89671','300','0','0','3052','0','0','0','0','0');
insert into `creature` (`guid`, `id`, `map`, `spawnMask`, `phaseMask`, `modelid`, `equipment_id`, `position_x`, `position_y`, `position_z`, `orientation`, `spawntimesecs`, `spawndist`, `currentwaypoint`, `curhealth`, `curmana`, `MovementType`, `npcflag`, `unit_flags`, `dynamicflags`) values('1581319','391271','0','1','3969','0','0','-8887.05','555.576','115.853','5.41531','300','0','0','3052','0','0','0','0','0');
insert into `creature` (`guid`, `id`, `map`, `spawnMask`, `phaseMask`, `modelid`, `equipment_id`, `position_x`, `position_y`, `position_z`, `orientation`, `spawntimesecs`, `spawndist`, `currentwaypoint`, `curhealth`, `curmana`, `MovementType`, `npcflag`, `unit_flags`, `dynamicflags`) values('1581320','391271','0','1','3969','0','0','-8883.09','553.891','145.463','0.0510268','300','0','0','3052','0','0','0','0','0');
insert into `creature` (`guid`, `id`, `map`, `spawnMask`, `phaseMask`, `modelid`, `equipment_id`, `position_x`, `position_y`, `position_z`, `orientation`, `spawntimesecs`, `spawndist`, `currentwaypoint`, `curhealth`, `curmana`, `MovementType`, `npcflag`, `unit_flags`, `dynamicflags`) values('1581321','391271','0','1','3969','0','0','-8860.9','538.57','142.578','5.11292','300','0','0','3052','0','0','0','0','0');
insert into `creature` (`guid`, `id`, `map`, `spawnMask`, `phaseMask`, `modelid`, `equipment_id`, `position_x`, `position_y`, `position_z`, `orientation`, `spawntimesecs`, `spawndist`, `currentwaypoint`, `curhealth`, `curmana`, `MovementType`, `npcflag`, `unit_flags`, `dynamicflags`) values('1581322','391271','0','1','3969','0','0','-8831.28','483.234','138.933','5.46405','300','0','0','3052','0','0','0','0','0');
insert into `creature` (`guid`, `id`, `map`, `spawnMask`, `phaseMask`, `modelid`, `equipment_id`, `position_x`, `position_y`, `position_z`, `orientation`, `spawntimesecs`, `spawndist`, `currentwaypoint`, `curhealth`, `curmana`, `MovementType`, `npcflag`, `unit_flags`, `dynamicflags`) values('1581323','391271','0','1','3969','0','0','-8835.48','461.243','143.455','5.34577','300','0','0','3052','0','0','0','0','0');
insert into `creature` (`guid`, `id`, `map`, `spawnMask`, `phaseMask`, `modelid`, `equipment_id`, `position_x`, `position_y`, `position_z`, `orientation`, `spawntimesecs`, `spawndist`, `currentwaypoint`, `curhealth`, `curmana`, `MovementType`, `npcflag`, `unit_flags`, `dynamicflags`) values('1581324','391271','0','1','3969','0','0','-8879.99','552.879','162.26','2.84428','300','0','0','3052','0','0','0','0','0');
insert into `creature` (`guid`, `id`, `map`, `spawnMask`, `phaseMask`, `modelid`, `equipment_id`, `position_x`, `position_y`, `position_z`, `orientation`, `spawntimesecs`, `spawndist`, `currentwaypoint`, `curhealth`, `curmana`, `MovementType`, `npcflag`, `unit_flags`, `dynamicflags`) values('1581325','391271','0','1','3969','0','0','-8789.25','456.746','159.433','4.23703','300','0','0','3052','0','0','0','0','0');
insert into `creature` (`guid`, `id`, `map`, `spawnMask`, `phaseMask`, `modelid`, `equipment_id`, `position_x`, `position_y`, `position_z`, `orientation`, `spawntimesecs`, `spawndist`, `currentwaypoint`, `curhealth`, `curmana`, `MovementType`, `npcflag`, `unit_flags`, `dynamicflags`) values('1581326','391271','0','1','3969','0','0','-8876.37','557.99','99.8653','4.31555','300','0','0','3052','0','0','0','0','0');
insert into `creature` (`guid`, `id`, `map`, `spawnMask`, `phaseMask`, `modelid`, `equipment_id`, `position_x`, `position_y`, `position_z`, `orientation`, `spawntimesecs`, `spawndist`, `currentwaypoint`, `curhealth`, `curmana`, `MovementType`, `npcflag`, `unit_flags`, `dynamicflags`) values('1581327','391271','0','1','3969','0','0','-8879.79','566.91','93.5635','4.30377','300','0','0','3052','0','0','0','0','0');

DELETE FROM `game_event_creature` WHERE (`eventEntry`='65');
INSERT INTO `game_event_creature` (`eventEntry`, `guid`) VALUES ('65', '1581102');
INSERT INTO `game_event_creature` (`eventEntry`, `guid`) VALUES ('65', '1581103');
INSERT INTO `game_event_creature` (`eventEntry`, `guid`) VALUES ('65', '1581104');
INSERT INTO `game_event_creature` (`eventEntry`, `guid`) VALUES ('65', '1581105');
INSERT INTO `game_event_creature` (`eventEntry`, `guid`) VALUES ('65', '1581106');
INSERT INTO `game_event_creature` (`eventEntry`, `guid`) VALUES ('65', '1581107');
INSERT INTO `game_event_creature` (`eventEntry`, `guid`) VALUES ('65', '1581108');
INSERT INTO `game_event_creature` (`eventEntry`, `guid`) VALUES ('65', '1581109');
INSERT INTO `game_event_creature` (`eventEntry`, `guid`) VALUES ('65', '1581110');
INSERT INTO `game_event_creature` (`eventEntry`, `guid`) VALUES ('65', '1581111');
INSERT INTO `game_event_creature` (`eventEntry`, `guid`) VALUES ('65', '1581112');
INSERT INTO `game_event_creature` (`eventEntry`, `guid`) VALUES ('65', '1581113');
INSERT INTO `game_event_creature` (`eventEntry`, `guid`) VALUES ('65', '1581114');
INSERT INTO `game_event_creature` (`eventEntry`, `guid`) VALUES ('65', '1581115');
INSERT INTO `game_event_creature` (`eventEntry`, `guid`) VALUES ('65', '1581116');
INSERT INTO `game_event_creature` (`eventEntry`, `guid`) VALUES ('65', '1581117');
INSERT INTO `game_event_creature` (`eventEntry`, `guid`) VALUES ('65', '1581118');
INSERT INTO `game_event_creature` (`eventEntry`, `guid`) VALUES ('65', '1581119');
INSERT INTO `game_event_creature` (`eventEntry`, `guid`) VALUES ('65', '1581120');
INSERT INTO `game_event_creature` (`eventEntry`, `guid`) VALUES ('65', '1581121');
INSERT INTO `game_event_creature` (`eventEntry`, `guid`) VALUES ('65', '1581122');
INSERT INTO `game_event_creature` (`eventEntry`, `guid`) VALUES ('65', '1581123');
INSERT INTO `game_event_creature` (`eventEntry`, `guid`) VALUES ('65', '1581124');
INSERT INTO `game_event_creature` (`eventEntry`, `guid`) VALUES ('65', '1581125');
INSERT INTO `game_event_creature` (`eventEntry`, `guid`) VALUES ('65', '1581126');
INSERT INTO `game_event_creature` (`eventEntry`, `guid`) VALUES ('65', '1581127');
INSERT INTO `game_event_creature` (`eventEntry`, `guid`) VALUES ('65', '1581128');
INSERT INTO `game_event_creature` (`eventEntry`, `guid`) VALUES ('65', '1581129');
INSERT INTO `game_event_creature` (`eventEntry`, `guid`) VALUES ('65', '1581130');
INSERT INTO `game_event_creature` (`eventEntry`, `guid`) VALUES ('65', '1581131');
INSERT INTO `game_event_creature` (`eventEntry`, `guid`) VALUES ('65', '1581132');
INSERT INTO `game_event_creature` (`eventEntry`, `guid`) VALUES ('65', '1581133');
INSERT INTO `game_event_creature` (`eventEntry`, `guid`) VALUES ('65', '1581134');
INSERT INTO `game_event_creature` (`eventEntry`, `guid`) VALUES ('65', '1581135');
INSERT INTO `game_event_creature` (`eventEntry`, `guid`) VALUES ('65', '1581136');
INSERT INTO `game_event_creature` (`eventEntry`, `guid`) VALUES ('65', '1581137');
INSERT INTO `game_event_creature` (`eventEntry`, `guid`) VALUES ('65', '1581138');
INSERT INTO `game_event_creature` (`eventEntry`, `guid`) VALUES ('65', '1581139');
INSERT INTO `game_event_creature` (`eventEntry`, `guid`) VALUES ('65', '1581140');
INSERT INTO `game_event_creature` (`eventEntry`, `guid`) VALUES ('65', '1581141');
INSERT INTO `game_event_creature` (`eventEntry`, `guid`) VALUES ('65', '1581142');
INSERT INTO `game_event_creature` (`eventEntry`, `guid`) VALUES ('65', '1581143');
INSERT INTO `game_event_creature` (`eventEntry`, `guid`) VALUES ('65', '1581144');
INSERT INTO `game_event_creature` (`eventEntry`, `guid`) VALUES ('65', '1581145');
INSERT INTO `game_event_creature` (`eventEntry`, `guid`) VALUES ('65', '1581146');
INSERT INTO `game_event_creature` (`eventEntry`, `guid`) VALUES ('65', '1581147');
INSERT INTO `game_event_creature` (`eventEntry`, `guid`) VALUES ('65', '1581148');
INSERT INTO `game_event_creature` (`eventEntry`, `guid`) VALUES ('65', '1581149');
INSERT INTO `game_event_creature` (`eventEntry`, `guid`) VALUES ('65', '1581150');
INSERT INTO `game_event_creature` (`eventEntry`, `guid`) VALUES ('65', '1581151');
INSERT INTO `game_event_creature` (`eventEntry`, `guid`) VALUES ('65', '1581152');
INSERT INTO `game_event_creature` (`eventEntry`, `guid`) VALUES ('65', '1581153');
INSERT INTO `game_event_creature` (`eventEntry`, `guid`) VALUES ('65', '1581154');
INSERT INTO `game_event_creature` (`eventEntry`, `guid`) VALUES ('65', '1581155');
INSERT INTO `game_event_creature` (`eventEntry`, `guid`) VALUES ('65', '1581156');
INSERT INTO `game_event_creature` (`eventEntry`, `guid`) VALUES ('65', '1581157');
INSERT INTO `game_event_creature` (`eventEntry`, `guid`) VALUES ('65', '1581158');
INSERT INTO `game_event_creature` (`eventEntry`, `guid`) VALUES ('65', '1581159');
INSERT INTO `game_event_creature` (`eventEntry`, `guid`) VALUES ('65', '1581160');
INSERT INTO `game_event_creature` (`eventEntry`, `guid`) VALUES ('65', '1581161');
INSERT INTO `game_event_creature` (`eventEntry`, `guid`) VALUES ('65', '1581162');
INSERT INTO `game_event_creature` (`eventEntry`, `guid`) VALUES ('65', '1581163');
INSERT INTO `game_event_creature` (`eventEntry`, `guid`) VALUES ('65', '1581164');
INSERT INTO `game_event_creature` (`eventEntry`, `guid`) VALUES ('65', '1581165');
INSERT INTO `game_event_creature` (`eventEntry`, `guid`) VALUES ('65', '1581166');
INSERT INTO `game_event_creature` (`eventEntry`, `guid`) VALUES ('65', '1581167');
INSERT INTO `game_event_creature` (`eventEntry`, `guid`) VALUES ('65', '1581168');
INSERT INTO `game_event_creature` (`eventEntry`, `guid`) VALUES ('65', '1581169');
INSERT INTO `game_event_creature` (`eventEntry`, `guid`) VALUES ('65', '1581170');
INSERT INTO `game_event_creature` (`eventEntry`, `guid`) VALUES ('65', '1581171');
INSERT INTO `game_event_creature` (`eventEntry`, `guid`) VALUES ('65', '1581172');
INSERT INTO `game_event_creature` (`eventEntry`, `guid`) VALUES ('65', '1581173');
INSERT INTO `game_event_creature` (`eventEntry`, `guid`) VALUES ('65', '1581174');
INSERT INTO `game_event_creature` (`eventEntry`, `guid`) VALUES ('65', '1581175');
INSERT INTO `game_event_creature` (`eventEntry`, `guid`) VALUES ('65', '1581176');
INSERT INTO `game_event_creature` (`eventEntry`, `guid`) VALUES ('65', '1581177');
INSERT INTO `game_event_creature` (`eventEntry`, `guid`) VALUES ('65', '1581178');
INSERT INTO `game_event_creature` (`eventEntry`, `guid`) VALUES ('65', '1581179');
INSERT INTO `game_event_creature` (`eventEntry`, `guid`) VALUES ('65', '1581180');
INSERT INTO `game_event_creature` (`eventEntry`, `guid`) VALUES ('65', '1581181');
INSERT INTO `game_event_creature` (`eventEntry`, `guid`) VALUES ('65', '1581182');
INSERT INTO `game_event_creature` (`eventEntry`, `guid`) VALUES ('65', '1581183');
INSERT INTO `game_event_creature` (`eventEntry`, `guid`) VALUES ('65', '1581184');
INSERT INTO `game_event_creature` (`eventEntry`, `guid`) VALUES ('65', '1581185');
INSERT INTO `game_event_creature` (`eventEntry`, `guid`) VALUES ('65', '1581186');
INSERT INTO `game_event_creature` (`eventEntry`, `guid`) VALUES ('65', '1581187');
INSERT INTO `game_event_creature` (`eventEntry`, `guid`) VALUES ('65', '1581188');
INSERT INTO `game_event_creature` (`eventEntry`, `guid`) VALUES ('65', '1581189');
INSERT INTO `game_event_creature` (`eventEntry`, `guid`) VALUES ('65', '1581190');
INSERT INTO `game_event_creature` (`eventEntry`, `guid`) VALUES ('65', '1581191');
INSERT INTO `game_event_creature` (`eventEntry`, `guid`) VALUES ('65', '1581192');
INSERT INTO `game_event_creature` (`eventEntry`, `guid`) VALUES ('65', '1581193');
INSERT INTO `game_event_creature` (`eventEntry`, `guid`) VALUES ('65', '1581194');
INSERT INTO `game_event_creature` (`eventEntry`, `guid`) VALUES ('65', '1581195');
INSERT INTO `game_event_creature` (`eventEntry`, `guid`) VALUES ('65', '1581196');
INSERT INTO `game_event_creature` (`eventEntry`, `guid`) VALUES ('65', '1581197');
INSERT INTO `game_event_creature` (`eventEntry`, `guid`) VALUES ('65', '1581198');
INSERT INTO `game_event_creature` (`eventEntry`, `guid`) VALUES ('65', '1581199');
INSERT INTO `game_event_creature` (`eventEntry`, `guid`) VALUES ('65', '1581200');
INSERT INTO `game_event_creature` (`eventEntry`, `guid`) VALUES ('65', '1581201');
INSERT INTO `game_event_creature` (`eventEntry`, `guid`) VALUES ('65', '1581202');
INSERT INTO `game_event_creature` (`eventEntry`, `guid`) VALUES ('65', '1581203');
INSERT INTO `game_event_creature` (`eventEntry`, `guid`) VALUES ('65', '1581204');
INSERT INTO `game_event_creature` (`eventEntry`, `guid`) VALUES ('65', '1581205');
INSERT INTO `game_event_creature` (`eventEntry`, `guid`) VALUES ('65', '1581206');
INSERT INTO `game_event_creature` (`eventEntry`, `guid`) VALUES ('65', '1581207');
INSERT INTO `game_event_creature` (`eventEntry`, `guid`) VALUES ('65', '1581208');
INSERT INTO `game_event_creature` (`eventEntry`, `guid`) VALUES ('65', '1581209');
INSERT INTO `game_event_creature` (`eventEntry`, `guid`) VALUES ('65', '1581210');
INSERT INTO `game_event_creature` (`eventEntry`, `guid`) VALUES ('65', '1581211');
INSERT INTO `game_event_creature` (`eventEntry`, `guid`) VALUES ('65', '1581212');
INSERT INTO `game_event_creature` (`eventEntry`, `guid`) VALUES ('65', '1581213');
INSERT INTO `game_event_creature` (`eventEntry`, `guid`) VALUES ('65', '1581214');
INSERT INTO `game_event_creature` (`eventEntry`, `guid`) VALUES ('65', '1581215');
INSERT INTO `game_event_creature` (`eventEntry`, `guid`) VALUES ('65', '1581216');
INSERT INTO `game_event_creature` (`eventEntry`, `guid`) VALUES ('65', '1581217');
INSERT INTO `game_event_creature` (`eventEntry`, `guid`) VALUES ('65', '1581218');
INSERT INTO `game_event_creature` (`eventEntry`, `guid`) VALUES ('65', '1581219');
INSERT INTO `game_event_creature` (`eventEntry`, `guid`) VALUES ('65', '1581220');
INSERT INTO `game_event_creature` (`eventEntry`, `guid`) VALUES ('65', '1581221');
INSERT INTO `game_event_creature` (`eventEntry`, `guid`) VALUES ('65', '1581222');
INSERT INTO `game_event_creature` (`eventEntry`, `guid`) VALUES ('65', '1581223');
INSERT INTO `game_event_creature` (`eventEntry`, `guid`) VALUES ('65', '1581224');
INSERT INTO `game_event_creature` (`eventEntry`, `guid`) VALUES ('65', '1581225');
INSERT INTO `game_event_creature` (`eventEntry`, `guid`) VALUES ('65', '1581226');
INSERT INTO `game_event_creature` (`eventEntry`, `guid`) VALUES ('65', '1581227');
INSERT INTO `game_event_creature` (`eventEntry`, `guid`) VALUES ('65', '1581228');
INSERT INTO `game_event_creature` (`eventEntry`, `guid`) VALUES ('65', '1581229');
INSERT INTO `game_event_creature` (`eventEntry`, `guid`) VALUES ('65', '1581230');
INSERT INTO `game_event_creature` (`eventEntry`, `guid`) VALUES ('65', '1581231');
INSERT INTO `game_event_creature` (`eventEntry`, `guid`) VALUES ('65', '1581232');
INSERT INTO `game_event_creature` (`eventEntry`, `guid`) VALUES ('65', '1581233');
INSERT INTO `game_event_creature` (`eventEntry`, `guid`) VALUES ('65', '1581234');
INSERT INTO `game_event_creature` (`eventEntry`, `guid`) VALUES ('65', '1581235');
INSERT INTO `game_event_creature` (`eventEntry`, `guid`) VALUES ('65', '1581236');
INSERT INTO `game_event_creature` (`eventEntry`, `guid`) VALUES ('65', '1581237');
INSERT INTO `game_event_creature` (`eventEntry`, `guid`) VALUES ('65', '1581238');
INSERT INTO `game_event_creature` (`eventEntry`, `guid`) VALUES ('65', '1581239');
INSERT INTO `game_event_creature` (`eventEntry`, `guid`) VALUES ('65', '1581240');
INSERT INTO `game_event_creature` (`eventEntry`, `guid`) VALUES ('65', '1581241');
INSERT INTO `game_event_creature` (`eventEntry`, `guid`) VALUES ('65', '1581242');
INSERT INTO `game_event_creature` (`eventEntry`, `guid`) VALUES ('65', '1581243');
INSERT INTO `game_event_creature` (`eventEntry`, `guid`) VALUES ('65', '1581244');
INSERT INTO `game_event_creature` (`eventEntry`, `guid`) VALUES ('65', '1581245');
INSERT INTO `game_event_creature` (`eventEntry`, `guid`) VALUES ('65', '1581246');
INSERT INTO `game_event_creature` (`eventEntry`, `guid`) VALUES ('65', '1581247');
INSERT INTO `game_event_creature` (`eventEntry`, `guid`) VALUES ('65', '1581248');
INSERT INTO `game_event_creature` (`eventEntry`, `guid`) VALUES ('65', '1581249');
INSERT INTO `game_event_creature` (`eventEntry`, `guid`) VALUES ('65', '1581250');
INSERT INTO `game_event_creature` (`eventEntry`, `guid`) VALUES ('65', '1581251');
INSERT INTO `game_event_creature` (`eventEntry`, `guid`) VALUES ('65', '1581252');
INSERT INTO `game_event_creature` (`eventEntry`, `guid`) VALUES ('65', '1581253');
INSERT INTO `game_event_creature` (`eventEntry`, `guid`) VALUES ('65', '1581254');
INSERT INTO `game_event_creature` (`eventEntry`, `guid`) VALUES ('65', '1581255');
INSERT INTO `game_event_creature` (`eventEntry`, `guid`) VALUES ('65', '1581256');
INSERT INTO `game_event_creature` (`eventEntry`, `guid`) VALUES ('65', '1581257');
INSERT INTO `game_event_creature` (`eventEntry`, `guid`) VALUES ('65', '1581258');
INSERT INTO `game_event_creature` (`eventEntry`, `guid`) VALUES ('65', '1581259');
INSERT INTO `game_event_creature` (`eventEntry`, `guid`) VALUES ('65', '1581260');
INSERT INTO `game_event_creature` (`eventEntry`, `guid`) VALUES ('65', '1581261');
INSERT INTO `game_event_creature` (`eventEntry`, `guid`) VALUES ('65', '1581262');
INSERT INTO `game_event_creature` (`eventEntry`, `guid`) VALUES ('65', '1581263');
INSERT INTO `game_event_creature` (`eventEntry`, `guid`) VALUES ('65', '1581264');
INSERT INTO `game_event_creature` (`eventEntry`, `guid`) VALUES ('65', '1581265');
INSERT INTO `game_event_creature` (`eventEntry`, `guid`) VALUES ('65', '1581266');
INSERT INTO `game_event_creature` (`eventEntry`, `guid`) VALUES ('65', '1581267');
INSERT INTO `game_event_creature` (`eventEntry`, `guid`) VALUES ('65', '1581268');
INSERT INTO `game_event_creature` (`eventEntry`, `guid`) VALUES ('65', '1581269');
INSERT INTO `game_event_creature` (`eventEntry`, `guid`) VALUES ('65', '1581270');
INSERT INTO `game_event_creature` (`eventEntry`, `guid`) VALUES ('65', '1581271');
INSERT INTO `game_event_creature` (`eventEntry`, `guid`) VALUES ('65', '1581272');
INSERT INTO `game_event_creature` (`eventEntry`, `guid`) VALUES ('65', '1581273');
INSERT INTO `game_event_creature` (`eventEntry`, `guid`) VALUES ('65', '1581274');
INSERT INTO `game_event_creature` (`eventEntry`, `guid`) VALUES ('65', '1581275');
INSERT INTO `game_event_creature` (`eventEntry`, `guid`) VALUES ('65', '1581276');
INSERT INTO `game_event_creature` (`eventEntry`, `guid`) VALUES ('65', '1581277');
INSERT INTO `game_event_creature` (`eventEntry`, `guid`) VALUES ('65', '1581278');
INSERT INTO `game_event_creature` (`eventEntry`, `guid`) VALUES ('65', '1581279');
INSERT INTO `game_event_creature` (`eventEntry`, `guid`) VALUES ('65', '1581280');
INSERT INTO `game_event_creature` (`eventEntry`, `guid`) VALUES ('65', '1581281');
INSERT INTO `game_event_creature` (`eventEntry`, `guid`) VALUES ('65', '1581282');
INSERT INTO `game_event_creature` (`eventEntry`, `guid`) VALUES ('65', '1581283');
INSERT INTO `game_event_creature` (`eventEntry`, `guid`) VALUES ('65', '1581284');
INSERT INTO `game_event_creature` (`eventEntry`, `guid`) VALUES ('65', '1581285');
INSERT INTO `game_event_creature` (`eventEntry`, `guid`) VALUES ('65', '1581286');
INSERT INTO `game_event_creature` (`eventEntry`, `guid`) VALUES ('65', '1581287');
INSERT INTO `game_event_creature` (`eventEntry`, `guid`) VALUES ('65', '1581288');
INSERT INTO `game_event_creature` (`eventEntry`, `guid`) VALUES ('65', '1581289');
INSERT INTO `game_event_creature` (`eventEntry`, `guid`) VALUES ('65', '1581290');
INSERT INTO `game_event_creature` (`eventEntry`, `guid`) VALUES ('65', '1581291');
INSERT INTO `game_event_creature` (`eventEntry`, `guid`) VALUES ('65', '1581292');
INSERT INTO `game_event_creature` (`eventEntry`, `guid`) VALUES ('65', '1581293');
INSERT INTO `game_event_creature` (`eventEntry`, `guid`) VALUES ('65', '1581294');
INSERT INTO `game_event_creature` (`eventEntry`, `guid`) VALUES ('65', '1581295');
INSERT INTO `game_event_creature` (`eventEntry`, `guid`) VALUES ('65', '1581296');
INSERT INTO `game_event_creature` (`eventEntry`, `guid`) VALUES ('65', '1581297');
INSERT INTO `game_event_creature` (`eventEntry`, `guid`) VALUES ('65', '1581298');
INSERT INTO `game_event_creature` (`eventEntry`, `guid`) VALUES ('65', '1581299');
INSERT INTO `game_event_creature` (`eventEntry`, `guid`) VALUES ('65', '1581300');
INSERT INTO `game_event_creature` (`eventEntry`, `guid`) VALUES ('65', '1581301');
INSERT INTO `game_event_creature` (`eventEntry`, `guid`) VALUES ('65', '1581302');
INSERT INTO `game_event_creature` (`eventEntry`, `guid`) VALUES ('65', '1581303');
INSERT INTO `game_event_creature` (`eventEntry`, `guid`) VALUES ('65', '1581304');
INSERT INTO `game_event_creature` (`eventEntry`, `guid`) VALUES ('65', '1581305');
INSERT INTO `game_event_creature` (`eventEntry`, `guid`) VALUES ('65', '1581306');
INSERT INTO `game_event_creature` (`eventEntry`, `guid`) VALUES ('65', '1581307');
INSERT INTO `game_event_creature` (`eventEntry`, `guid`) VALUES ('65', '1581308');
INSERT INTO `game_event_creature` (`eventEntry`, `guid`) VALUES ('65', '1581309');
INSERT INTO `game_event_creature` (`eventEntry`, `guid`) VALUES ('65', '1581310');
INSERT INTO `game_event_creature` (`eventEntry`, `guid`) VALUES ('65', '1581311');
INSERT INTO `game_event_creature` (`eventEntry`, `guid`) VALUES ('65', '1581312');
INSERT INTO `game_event_creature` (`eventEntry`, `guid`) VALUES ('65', '1581313');
INSERT INTO `game_event_creature` (`eventEntry`, `guid`) VALUES ('65', '1581314');
INSERT INTO `game_event_creature` (`eventEntry`, `guid`) VALUES ('65', '1581315');
INSERT INTO `game_event_creature` (`eventEntry`, `guid`) VALUES ('65', '1581316');
INSERT INTO `game_event_creature` (`eventEntry`, `guid`) VALUES ('65', '1581317');
INSERT INTO `game_event_creature` (`eventEntry`, `guid`) VALUES ('65', '1581318');
INSERT INTO `game_event_creature` (`eventEntry`, `guid`) VALUES ('65', '1581319');
INSERT INTO `game_event_creature` (`eventEntry`, `guid`) VALUES ('65', '1581320');
INSERT INTO `game_event_creature` (`eventEntry`, `guid`) VALUES ('65', '1581321');
INSERT INTO `game_event_creature` (`eventEntry`, `guid`) VALUES ('65', '1581322');
INSERT INTO `game_event_creature` (`eventEntry`, `guid`) VALUES ('65', '1581323');
INSERT INTO `game_event_creature` (`eventEntry`, `guid`) VALUES ('65', '1581324');
INSERT INTO `game_event_creature` (`eventEntry`, `guid`) VALUES ('65', '1581325');
INSERT INTO `game_event_creature` (`eventEntry`, `guid`) VALUES ('65', '1581326');
INSERT INTO `game_event_creature` (`eventEntry`, `guid`) VALUES ('65', '1581327');